place_id,station_complex_id,station_complex,dist_m,within_250,within_400
ChIJaXQRs6lZwokRY6EFpJnhNNE,607,"34 St-Herald Sq (B,D,F,M,N,Q,R,W)",230.5,1,1
ChIJaXQRs6lZwokRY6EFpJnhNNE,403,33 St (6),399.9,0,1
ChIJaXQRs6lZwokRY6EFpJnhNNE,609,"Bryant Pk (B,D,F,M)/5 Av (7)",702.2,0,0
ChIJaXQRs6lZwokRY6EFpJnhNNE,319,28 St (1),662.4,0,0
ChIJaXQRs6lZwokRY6EFpJnhNNE,404,28 St (6),608.8,0,0
ChIJaXQRs6lZwokRY6EFpJnhNNE,164,"34 St-Penn Station (A,C,E)",778.9,0,0
ChIJaXQRs6lZwokRY6EFpJnhNNE,13,"28 St (R,W)",415.0,0,0
ChIJaXQRs6lZwokRY6EFpJnhNNE,318,"34 St-Penn Station (1,2,3)",502.8,0,0
ChIJ4zGFAZpYwokRGUGph3Mf37k,159,"81 St-Museum of Natural History (C,B)",566.4,0,0
ChIJ4zGFAZpYwokRGUGph3Mf37k,158,"86 St (C,B)",463.5,0,0
ChIJmQJIxlVYwokRLgeuocVOGVU,10,"49 St (N,R,W)",244.5,1,1
ChIJmQJIxlVYwokRLgeuocVOGVU,316,50 St (1),440.8,0,0
ChIJmQJIxlVYwokRLgeuocVOGVU,162,"50 St (C,E)",499.6,0,0
ChIJmQJIxlVYwokRLgeuocVOGVU,609,"Bryant Pk (B,D,F,M)/5 Av (7)",499.3,0,0
ChIJmQJIxlVYwokRLgeuocVOGVU,277,"7 Av (E,B,D)",635.4,0,0
ChIJmQJIxlVYwokRLgeuocVOGVU,611,"Times Sq-42 St (N,Q,R,W,S,1,2,3,7)/42 St (A,C,E)",141.3,1,1
ChIJmQJIxlVYwokRLgeuocVOGVU,225,"47-50 Sts-Rockefeller Ctr (B,D,F,M)",363.0,0,1
ChIJI6lzvP5YwokRf36nzqqs4_0,10,"49 St (N,R,W)",478.1,0,0
ChIJI6lzvP5YwokRf36nzqqs4_0,316,50 St (1),548.0,0,0
ChIJI6lzvP5YwokRf36nzqqs4_0,162,"50 St (C,E)",741.5,0,0
ChIJI6lzvP5YwokRf36nzqqs4_0,609,"Bryant Pk (B,D,F,M)/5 Av (7)",588.3,0,0
ChIJI6lzvP5YwokRf36nzqqs4_0,610,"Grand Central-42 St (S,4,5,6,7)",789.3,0,0
ChIJI6lzvP5YwokRf36nzqqs4_0,277,"7 Av (E,B,D)",521.9,0,0
ChIJI6lzvP5YwokRf36nzqqs4_0,611,"Times Sq-42 St (N,Q,R,W,S,1,2,3,7)/42 St (A,C,E)",714.5,0,0
ChIJI6lzvP5YwokRf36nzqqs4_0,9,"57 St-7 Av (N,Q,R,W)",679.6,0,0
ChIJI6lzvP5YwokRf36nzqqs4_0,225,"47-50 Sts-Rockefeller Ctr (B,D,F,M)",223.9,1,1
ChIJI6lzvP5YwokRf36nzqqs4_0,224,57 St (F),590.9,0,0
ChIJI6lzvP5YwokRf36nzqqs4_0,276,"5 Av/53 St (E,M)",330.5,0,1
ChIJe7vKMf9YwokRIMYfDz7iF9o,10,"49 St (N,R,W)",403.2,0,0
ChIJe7vKMf9YwokRIMYfDz7iF9o,316,50 St (1),458.0,0,0
ChIJe7vKMf9YwokRIMYfDz7iF9o,162,"50 St (C,E)",652.7,0,0
ChIJe7vKMf9YwokRIMYfDz7iF9o,609,"Bryant Pk (B,D,F,M)/5 Av (7)",620.3,0,0
ChIJe7vKMf9YwokRIMYfDz7iF9o,277,"7 Av (E,B,D)",433.4,0,0
ChIJe7vKMf9YwokRIMYfDz7iF9o,611,"Times Sq-42 St (N,Q,R,W,S,1,2,3,7)/42 St (A,C,E)",674.7,0,0
ChIJe7vKMf9YwokRIMYfDz7iF9o,8,"5 Av/59 St (N,R,W)",793.3,0,0
ChIJe7vKMf9YwokRIMYfDz7iF9o,9,"57 St-7 Av (N,Q,R,W)",600.3,0,0
ChIJe7vKMf9YwokRIMYfDz7iF9o,225,"47-50 Sts-Rockefeller Ctr (B,D,F,M)",178.9,1,1
ChIJe7vKMf9YwokRIMYfDz7iF9o,224,57 St (F),539.9,0,0
ChIJe7vKMf9YwokRIMYfDz7iF9o,276,"5 Av/53 St (E,M)",363.5,0,1
ChIJTWE_0BtawokRVJNGH5RS448,413,"Wall St (4,5)",615.8,0,0
ChIJTWE_0BtawokRVJNGH5RS448,329,Rector St (1),613.4,0,0
ChIJTWE_0BtawokRVJNGH5RS448,624,"Chambers St (A,C)/WTC (E)/Park Pl (2,3)/Cortlandt (R,W)",394.7,0,1
ChIJTWE_0BtawokRVJNGH5RS448,327,"Chambers St (1,2,3)",428.6,0,0
ChIJTWE_0BtawokRVJNGH5RS448,333,"Wall St (2,3)",768.8,0,0
ChIJTWE_0BtawokRVJNGH5RS448,22,"Rector St (R,W)",643.6,0,0
ChIJTWE_0BtawokRVJNGH5RS448,20,"City Hall (R,W)",522.9,0,0
ChIJTWE_0BtawokRVJNGH5RS448,107,"Broad St (J,Z)",748.0,0,0
ChIJTWE_0BtawokRVJNGH5RS448,628,"Fulton St (A,C,J,Z,2,3,4,5)",619.2,0,0
ChIJTWE_0BtawokRVJNGH5RS448,328,WTC Cortlandt (1),154.4,1,1
ChIJRcvoOxpawokR7R4dQMXMMPQ,413,"Wall St (4,5)",464.0,0,0
ChIJRcvoOxpawokR7R4dQMXMMPQ,329,Rector St (1),453.9,0,0
ChIJRcvoOxpawokR7R4dQMXMMPQ,624,"Chambers St (A,C)/WTC (E)/Park Pl (2,3)/Cortlandt (R,W)",475.6,0,0
ChIJRcvoOxpawokR7R4dQMXMMPQ,327,"Chambers St (1,2,3)",552.7,0,0
ChIJRcvoOxpawokR7R4dQMXMMPQ,333,"Wall St (2,3)",638.2,0,0
ChIJRcvoOxpawokR7R4dQMXMMPQ,22,"Rector St (R,W)",484.5,0,0
ChIJRcvoOxpawokR7R4dQMXMMPQ,20,"City Hall (R,W)",568.3,0,0
ChIJRcvoOxpawokR7R4dQMXMMPQ,107,"Broad St (J,Z)",599.2,0,0
ChIJRcvoOxpawokR7R4dQMXMMPQ,628,"Fulton St (A,C,J,Z,2,3,4,5)",574.4,0,0
ChIJRcvoOxpawokR7R4dQMXMMPQ,414,"Bowling Green (4,5)",754.0,0,0
ChIJRcvoOxpawokR7R4dQMXMMPQ,328,WTC Cortlandt (1),100.7,1,1
ChIJb8Jg9pZYwokR-qHGtvSkLzs,159,"81 St-Museum of Natural History (C,B)",781.6,0,0
ChIJb8Jg9pZYwokR-qHGtvSkLzs,398,77 St (6),706.1,0,0
ChIJb8Jg9pZYwokR-qHGtvSkLzs,397,"86 St (4,5,6)",644.5,0,0
ChIJKxDbe_lYwokRVf__s8CPn-o,10,"49 St (N,R,W)",574.8,0,0
ChIJKxDbe_lYwokRVf__s8CPn-o,316,50 St (1),525.6,0,0
ChIJKxDbe_lYwokRVf__s8CPn-o,162,"50 St (C,E)",713.5,0,0
ChIJKxDbe_lYwokRVf__s8CPn-o,277,"7 Av (E,B,D)",373.6,0,1
ChIJKxDbe_lYwokRVf__s8CPn-o,8,"5 Av/59 St (N,R,W)",520.2,0,0
ChIJKxDbe_lYwokRVf__s8CPn-o,9,"57 St-7 Av (N,Q,R,W)",441.1,0,0
ChIJKxDbe_lYwokRVf__s8CPn-o,225,"47-50 Sts-Rockefeller Ctr (B,D,F,M)",438.6,0,0
ChIJKxDbe_lYwokRVf__s8CPn-o,224,57 St (F),282.8,0,1
ChIJKxDbe_lYwokRVf__s8CPn-o,276,"5 Av/53 St (E,M)",245.8,1,1
ChIJCXoPsPRYwokRsV1MYnKBfaI,159,"81 St-Museum of Natural History (C,B)",155.7,1,1
ChIJCXoPsPRYwokRsV1MYnKBfaI,313,"72 St (1,2,3)",744.0,0,0
ChIJCXoPsPRYwokRsV1MYnKBfaI,158,"86 St (C,B)",661.5,0,0
ChIJCXoPsPRYwokRsV1MYnKBfaI,312,79 St (1),577.7,0,0
ChIJCXoPsPRYwokRsV1MYnKBfaI,160,"72 St (C,B)",669.1,0,0
ChIJhRwB-yFawokRi0AhGH87UTc,609,"Bryant Pk (B,D,F,M)/5 Av (7)",458.6,0,0
ChIJhRwB-yFawokRi0AhGH87UTc,610,"Grand Central-42 St (S,4,5,6,7)",108.9,1,1
ChIJhRwB-yFawokRi0AhGH87UTc,225,"47-50 Sts-Rockefeller Ctr (B,D,F,M)",746.3,0,0
ChIJ5bQPhMdZwokRkTwKhVxhP1g,165,"23 St (C,E)",612.1,0,0
ChIJURWoF5pYwokRIfXv4To528c,413,"Wall St (4,5)",258.1,0,1
ChIJURWoF5pYwokRIfXv4To528c,329,Rector St (1),217.1,1,1
ChIJURWoF5pYwokRIfXv4To528c,635,"South Ferry (1)/Whitehall St (R,W)",285.8,0,1
ChIJURWoF5pYwokRIfXv4To528c,333,"Wall St (2,3)",391.9,0,1
ChIJURWoF5pYwokRIfXv4To528c,22,"Rector St (R,W)",183.2,1,1
ChIJURWoF5pYwokRIfXv4To528c,107,"Broad St (J,Z)",225.3,1,1
ChIJURWoF5pYwokRIfXv4To528c,628,"Fulton St (A,C,J,Z,2,3,4,5)",777.1,0,0
ChIJURWoF5pYwokRIfXv4To528c,414,"Bowling Green (4,5)",98.9,1,1
ChIJURWoF5pYwokRIfXv4To528c,328,WTC Cortlandt (1),704.1,0,0
ChIJqygAFrRZwokRwF0VrBoXS0E,471,34 St-Hudson Yards (7),231.6,1,1
ChIJqygAFrRZwokRwF0VrBoXS0E,164,"34 St-Penn Station (A,C,E)",757.2,0,0
ChIJ3aqq5Q1ZwokRb9hLO7Gyxgw,471,34 St-Hudson Yards (7),285.9,0,1
ChIJ3aqq5Q1ZwokRb9hLO7Gyxgw,164,"34 St-Penn Station (A,C,E)",657.2,0,0
ChIJd7I1IO5ZwokRbv7YUlgChl4,403,33 St (6),796.0,0,0
ChIJd7I1IO5ZwokRbv7YUlgChl4,609,"Bryant Pk (B,D,F,M)/5 Av (7)",340.9,0,1
ChIJd7I1IO5ZwokRbv7YUlgChl4,610,"Grand Central-42 St (S,4,5,6,7)",193.3,1,1
ChIJd7I1IO5ZwokRbv7YUlgChl4,225,"47-50 Sts-Rockefeller Ctr (B,D,F,M)",690.5,0,0
ChIJUW4vEPxYwokRW6o24DU0YIg,10,"49 St (N,R,W)",684.3,0,0
ChIJUW4vEPxYwokRW6o24DU0YIg,316,50 St (1),731.8,0,0
ChIJUW4vEPxYwokRW6o24DU0YIg,609,"Bryant Pk (B,D,F,M)/5 Av (7)",709.1,0,0
ChIJUW4vEPxYwokRW6o24DU0YIg,610,"Grand Central-42 St (S,4,5,6,7)",761.8,0,0
ChIJUW4vEPxYwokRW6o24DU0YIg,277,"7 Av (E,B,D)",658.4,0,0
ChIJUW4vEPxYwokRW6o24DU0YIg,612,"Lexington Av-53 St (E,M)/51 St (6)",607.3,0,0
ChIJUW4vEPxYwokRW6o24DU0YIg,8,"5 Av/59 St (N,R,W)",729.9,0,0
ChIJUW4vEPxYwokRW6o24DU0YIg,9,"57 St-7 Av (N,Q,R,W)",770.9,0,0
ChIJUW4vEPxYwokRW6o24DU0YIg,225,"47-50 Sts-Rockefeller Ctr (B,D,F,M)",432.5,0,0
ChIJUW4vEPxYwokRW6o24DU0YIg,224,57 St (F),605.4,0,0
ChIJUW4vEPxYwokRW6o24DU0YIg,276,"5 Av/53 St (E,M)",191.0,1,1
ChIJvbGg56pZwokRp_E3JbivnLQ,10,"49 St (N,R,W)",714.6,0,0
ChIJvbGg56pZwokRp_E3JbivnLQ,607,"34 St-Herald Sq (B,D,F,M,N,Q,R,W)",590.7,0,0
ChIJvbGg56pZwokRp_E3JbivnLQ,609,"Bryant Pk (B,D,F,M)/5 Av (7)",93.7,1,1
ChIJvbGg56pZwokRp_E3JbivnLQ,610,"Grand Central-42 St (S,4,5,6,7)",550.4,0,0
ChIJvbGg56pZwokRp_E3JbivnLQ,611,"Times Sq-42 St (N,Q,R,W,S,1,2,3,7)/42 St (A,C,E)",532.2,0,0
ChIJvbGg56pZwokRp_E3JbivnLQ,225,"47-50 Sts-Rockefeller Ctr (B,D,F,M)",586.2,0,0
ChIJvbGg56pZwokRp_E3JbivnLQ,318,"34 St-Penn Station (1,2,3)",768.1,0,0
ChIJmZ5emqJYwokRuDz79o0coAQ,397,"86 St (4,5,6)",481.2,0,0
ChIJmZ5emqJYwokRuDz79o0coAQ,396,96 St (6),729.4,0,0
ChIJN3MJ6pRYwokRiXg91flSP8Y,618,"14 St (A,C,E)/8 Av (L)",616.6,0,0
ChIJPS8b1vhYwokRldqq2YHmxJI,10,"49 St (N,R,W)",350.7,0,1
ChIJPS8b1vhYwokRldqq2YHmxJI,316,50 St (1),379.8,0,1
ChIJPS8b1vhYwokRldqq2YHmxJI,162,"50 St (C,E)",576.2,0,0
ChIJPS8b1vhYwokRldqq2YHmxJI,609,"Bryant Pk (B,D,F,M)/5 Av (7)",669.5,0,0
ChIJPS8b1vhYwokRldqq2YHmxJI,277,"7 Av (E,B,D)",350.1,0,1
ChIJPS8b1vhYwokRldqq2YHmxJI,611,"Times Sq-42 St (N,Q,R,W,S,1,2,3,7)/42 St (A,C,E)",658.8,0,0
ChIJPS8b1vhYwokRldqq2YHmxJI,8,"5 Av/59 St (N,R,W)",775.0,0,0
ChIJPS8b1vhYwokRldqq2YHmxJI,9,"57 St-7 Av (N,Q,R,W)",524.4,0,0
ChIJPS8b1vhYwokRldqq2YHmxJI,225,"47-50 Sts-Rockefeller Ctr (B,D,F,M)",185.2,1,1
ChIJPS8b1vhYwokRldqq2YHmxJI,224,57 St (F),492.8,0,0
ChIJPS8b1vhYwokRldqq2YHmxJI,276,"5 Av/53 St (E,M)",400.4,0,0
ChIJhRwB-yFawokR5Phil-QQ3zM,607,"34 St-Herald Sq (B,D,F,M,N,Q,R,W)",481.1,0,0
ChIJhRwB-yFawokR5Phil-QQ3zM,165,"23 St (C,E)",641.6,0,0
ChIJhRwB-yFawokR5Phil-QQ3zM,319,28 St (1),365.8,0,1
ChIJhRwB-yFawokR5Phil-QQ3zM,320,23 St (1),738.5,0,0
ChIJhRwB-yFawokR5Phil-QQ3zM,164,"34 St-Penn Station (A,C,E)",198.6,1,1
ChIJhRwB-yFawokR5Phil-QQ3zM,13,"28 St (R,W)",685.8,0,0
ChIJhRwB-yFawokR5Phil-QQ3zM,318,"34 St-Penn Station (1,2,3)",200.9,1,1
ChIJZx8c96NZwokRJklw7SVhKt4,601,"14 St (F,M,1,2,3)/6 Av (L)",659.1,0,0
ChIJZx8c96NZwokRJklw7SVhKt4,14,"23 St (R,W)",40.4,1,1
ChIJZx8c96NZwokRJklw7SVhKt4,405,23 St (6),293.0,0,1
ChIJZx8c96NZwokRJklw7SVhKt4,228,"23 St (F,M)",331.7,0,1
ChIJZx8c96NZwokRJklw7SVhKt4,602,"14 St-Union Sq (L,N,Q,R,W,4,5,6)",596.3,0,0
ChIJZx8c96NZwokRJklw7SVhKt4,319,28 St (1),750.7,0,0
ChIJZx8c96NZwokRJklw7SVhKt4,320,23 St (1),604.1,0,0
ChIJZx8c96NZwokRJklw7SVhKt4,404,28 St (6),509.8,0,0
ChIJZx8c96NZwokRJklw7SVhKt4,13,"28 St (R,W)",500.4,0,0
ChIJZx8c96NZwokRJklw7SVhKt4,321,18 St (1),688.4,0,0
ChIJjX494pBZwokRGH620d9eYfo,167,"W 4 St-Wash Sq (A,C,E,B,D,F,M)",311.8,0,1
ChIJjX494pBZwokRGH620d9eYfo,168,"Spring St (C,E)",748.1,0,0
ChIJjX494pBZwokRGH620d9eYfo,619,"Broadway-Lafayette St (B,D,F,M)/Bleecker St (6)",597.3,0,0
ChIJjX494pBZwokRGH620d9eYfo,407,Astor Pl (6),535.7,0,0
ChIJjX494pBZwokRGH620d9eYfo,16,"8 St-NYU (R,W)",401.0,0,0
ChIJjX494pBZwokRGH620d9eYfo,17,"Prince St (R,W)",729.4,0,0
ChIJjX494pBZwokRGH620d9eYfo,324,Houston St (1),737.1,0,0
ChIJjX494pBZwokRGH620d9eYfo,323,Christopher St-Sheridan Sq (1),548.1,0,0
ChIJw2lMFL9ZwokRosAtly52YX4,618,"14 St (A,C,E)/8 Av (L)",412.0,0,0
ChIJw2lMFL9ZwokRosAtly52YX4,165,"23 St (C,E)",784.1,0,0
ChIJw2lMFL9ZwokRosAtly52YX4,321,18 St (1),714.2,0,0
ChIJHRH97uxYwokR6CBeDyn1jtg,477,72 St (Q),795.9,0,0
ChIJHRH97uxYwokR6CBeDyn1jtg,399,68 St-Hunter College (6),441.3,0,0
ChIJHRH97uxYwokR6CBeDyn1jtg,398,77 St (6),692.1,0,0
ChIJHRH97uxYwokR6CBeDyn1jtg,223,"Lexington Av/63 St (F,Q)",725.8,0,0
ChIJ3453OAdZwokRja92OOKCugM,607,"34 St-Herald Sq (B,D,F,M,N,Q,R,W)",544.0,0,0
ChIJ3453OAdZwokRja92OOKCugM,403,33 St (6),354.3,0,1
ChIJ3453OAdZwokRja92OOKCugM,609,"Bryant Pk (B,D,F,M)/5 Av (7)",560.2,0,0
ChIJ3453OAdZwokRja92OOKCugM,610,"Grand Central-42 St (S,4,5,6,7)",477.0,0,0
ChIJ3453OAdZwokRja92OOKCugM,404,28 St (6),725.7,0,0
ChIJ3453OAdZwokRja92OOKCugM,13,"28 St (R,W)",741.3,0,0
ChIJqaiomQBZwokRTHOaUG7fUTs,10,"49 St (N,R,W)",763.7,0,0
ChIJqaiomQBZwokRTHOaUG7fUTs,607,"34 St-Herald Sq (B,D,F,M,N,Q,R,W)",607.3,0,0
ChIJqaiomQBZwokRTHOaUG7fUTs,403,33 St (6),789.7,0,0
ChIJqaiomQBZwokRTHOaUG7fUTs,609,"Bryant Pk (B,D,F,M)/5 Av (7)",115.1,1,1
ChIJqaiomQBZwokRTHOaUG7fUTs,610,"Grand Central-42 St (S,4,5,6,7)",481.6,0,0
ChIJqaiomQBZwokRTHOaUG7fUTs,611,"Times Sq-42 St (N,Q,R,W,S,1,2,3,7)/42 St (A,C,E)",600.3,0,0
ChIJqaiomQBZwokRTHOaUG7fUTs,225,"47-50 Sts-Rockefeller Ctr (B,D,F,M)",614.4,0,0
ChIJraKL-BJawokREpxDmF5GcL4,413,"Wall St (4,5)",593.1,0,0
ChIJraKL-BJawokREpxDmF5GcL4,329,Rector St (1),526.1,0,0
ChIJraKL-BJawokREpxDmF5GcL4,635,"South Ferry (1)/Whitehall St (R,W)",196.6,1,1
ChIJraKL-BJawokREpxDmF5GcL4,333,"Wall St (2,3)",682.2,0,0
ChIJraKL-BJawokREpxDmF5GcL4,22,"Rector St (R,W)",506.4,0,0
ChIJraKL-BJawokREpxDmF5GcL4,107,"Broad St (J,Z)",535.6,0,0
ChIJraKL-BJawokREpxDmF5GcL4,414,"Bowling Green (4,5)",236.5,1,1
ChIJR_yfQhNawokRti4i3iRuWwY,413,"Wall St (4,5)",727.3,0,0
ChIJR_yfQhNawokRti4i3iRuWwY,329,Rector St (1),716.7,0,0
ChIJR_yfQhNawokRti4i3iRuWwY,635,"South Ferry (1)/Whitehall St (R,W)",215.7,1,1
ChIJR_yfQhNawokRti4i3iRuWwY,333,"Wall St (2,3)",721.4,0,0
ChIJR_yfQhNawokRti4i3iRuWwY,22,"Rector St (R,W)",682.4,0,0
ChIJR_yfQhNawokRti4i3iRuWwY,107,"Broad St (J,Z)",623.5,0,0
ChIJR_yfQhNawokRti4i3iRuWwY,414,"Bowling Green (4,5)",423.2,0,0
EhtTb3V0aCBTdCwgTmV3IFlvcmssIE5ZLCBVU0EiLiosChQKEgkleibqOlrCiRFTLFC5S1-9YhIUChIJ8_BTUSNawokRZOkHlZpubSI,413,"Wall St (4,5)",781.1,0,0
EhtTb3V0aCBTdCwgTmV3IFlvcmssIE5ZLCBVU0EiLiosChQKEgkleibqOlrCiRFTLFC5S1-9YhIUChIJ8_BTUSNawokRZOkHlZpubSI,333,"Wall St (2,3)",535.5,0,0
EhtTb3V0aCBTdCwgTmV3IFlvcmssIE5ZLCBVU0EiLiosChQKEgkleibqOlrCiRFTLFC5S1-9YhIUChIJ8_BTUSNawokRZOkHlZpubSI,107,"Broad St (J,Z)",691.6,0,0
EhtTb3V0aCBTdCwgTmV3IFlvcmssIE5ZLCBVU0EiLiosChQKEgkleibqOlrCiRFTLFC5S1-9YhIUChIJ8_BTUSNawokRZOkHlZpubSI,628,"Fulton St (A,C,J,Z,2,3,4,5)",603.8,0,0
ChIJ4f4VwT5bwokRwQ6hjfC-eTM,413,"Wall St (4,5)",472.2,0,0
ChIJ4f4VwT5bwokRwQ6hjfC-eTM,329,Rector St (1),504.7,0,0
ChIJ4f4VwT5bwokRwQ6hjfC-eTM,622,"Brooklyn Bridge-City Hall (4,5,6)/Chambers St (J,Z)",723.6,0,0
ChIJ4f4VwT5bwokRwQ6hjfC-eTM,624,"Chambers St (A,C)/WTC (E)/Park Pl (2,3)/Cortlandt (R,W)",361.3,0,1
ChIJ4f4VwT5bwokRwQ6hjfC-eTM,327,"Chambers St (1,2,3)",462.7,0,0
ChIJ4f4VwT5bwokRwQ6hjfC-eTM,333,"Wall St (2,3)",600.7,0,0
ChIJ4f4VwT5bwokRwQ6hjfC-eTM,22,"Rector St (R,W)",525.0,0,0
ChIJ4f4VwT5bwokRwQ6hjfC-eTM,20,"City Hall (R,W)",442.2,0,0
ChIJ4f4VwT5bwokRwQ6hjfC-eTM,107,"Broad St (J,Z)",596.5,0,0
ChIJ4f4VwT5bwokRwQ6hjfC-eTM,628,"Fulton St (A,C,J,Z,2,3,4,5)",461.9,0,0
ChIJ4f4VwT5bwokRwQ6hjfC-eTM,414,"Bowling Green (4,5)",798.8,0,0
ChIJ4f4VwT5bwokRwQ6hjfC-eTM,328,WTC Cortlandt (1),28.9,1,1
ChIJbVfZzhBawokRnmCT-muojBA,413,"Wall St (4,5)",37.7,1,1
ChIJbVfZzhBawokRnmCT-muojBA,329,Rector St (1),173.9,1,1
ChIJbVfZzhBawokRnmCT-muojBA,635,"South Ferry (1)/Whitehall St (R,W)",551.4,0,0
ChIJbVfZzhBawokRnmCT-muojBA,624,"Chambers St (A,C)/WTC (E)/Park Pl (2,3)/Cortlandt (R,W)",726.5,0,0
ChIJbVfZzhBawokRnmCT-muojBA,333,"Wall St (2,3)",256.2,0,1
ChIJbVfZzhBawokRnmCT-muojBA,22,"Rector St (R,W)",150.6,1,1
ChIJbVfZzhBawokRnmCT-muojBA,20,"City Hall (R,W)",723.7,0,0
ChIJbVfZzhBawokRnmCT-muojBA,107,"Broad St (J,Z)",169.5,1,1
ChIJbVfZzhBawokRnmCT-muojBA,628,"Fulton St (A,C,J,Z,2,3,4,5)",507.3,0,0
ChIJbVfZzhBawokRnmCT-muojBA,414,"Bowling Green (4,5)",392.0,0,1
ChIJbVfZzhBawokRnmCT-muojBA,328,WTC Cortlandt (1),439.5,0,0
ChIJAaIFAxdawokR8txc3YPbD3A,413,"Wall St (4,5)",140.3,1,1
ChIJAaIFAxdawokR8txc3YPbD3A,329,Rector St (1),302.1,0,1
ChIJAaIFAxdawokR8txc3YPbD3A,635,"South Ferry (1)/Whitehall St (R,W)",541.6,0,0
ChIJAaIFAxdawokR8txc3YPbD3A,624,"Chambers St (A,C)/WTC (E)/Park Pl (2,3)/Cortlandt (R,W)",743.5,0,0
ChIJAaIFAxdawokR8txc3YPbD3A,333,"Wall St (2,3)",113.5,1,1
ChIJAaIFAxdawokR8txc3YPbD3A,22,"Rector St (R,W)",264.7,0,1
ChIJAaIFAxdawokR8txc3YPbD3A,20,"City Hall (R,W)",708.7,0,0
ChIJAaIFAxdawokR8txc3YPbD3A,107,"Broad St (J,Z)",125.2,1,1
ChIJAaIFAxdawokR8txc3YPbD3A,628,"Fulton St (A,C,J,Z,2,3,4,5)",440.6,0,0
ChIJAaIFAxdawokR8txc3YPbD3A,414,"Bowling Green (4,5)",433.8,0,0
ChIJAaIFAxdawokR8txc3YPbD3A,328,WTC Cortlandt (1),520.6,0,0
ChIJK6bycAH0wokRrSnflfrnkZE,145,190 St (A),681.6,0,0
ChIJK6bycAH0wokRrSnflfrnkZE,144,Dyckman St (A),381.3,0,1
ChIJK6bycAH0wokRrSnflfrnkZE,299,Dyckman St (1),709.1,0,0
ChIJa0R7Vjz2wokR_wv0XhIOo8Q,309,103 St (1),733.2,0,0
ChIJa0R7Vjz2wokR_wv0XhIOo8Q,154,"116 St (C,B)",604.9,0,0
ChIJa0R7Vjz2wokR_wv0XhIOo8Q,307,116 St-Columbia University (1),471.1,0,0
ChIJa0R7Vjz2wokR_wv0XhIOo8Q,308,Cathedral Pkwy (110 St) (1),419.0,0,0
ChIJa0R7Vjz2wokR_wv0XhIOo8Q,155,"Cathedral Pkwy (110 St) (C,B)",476.5,0,0
ChIJyQ3Tlj72wokRUCflR_kzeVc,154,"116 St (C,B)",702.5,0,0
ChIJyQ3Tlj72wokRUCflR_kzeVc,307,116 St-Columbia University (1),131.0,1,1
ChIJyQ3Tlj72wokRUCflR_kzeVc,308,Cathedral Pkwy (110 St) (1),535.8,0,0
ChIJRaWCMm32wokRLdyc4zmYzRw,154,"116 St (C,B)",670.5,0,0
ChIJRaWCMm32wokRLdyc4zmYzRw,153,"125 St (A,C,B,D)",228.0,1,1
ChIJRaWCMm32wokRLdyc4zmYzRw,439,"125 St (2,3)",459.1,0,0
ChIJN6W-X_VYwokRTqwcBnTw1Uk,313,"72 St (1,2,3)",678.2,0,0
ChIJN6W-X_VYwokRTqwcBnTw1Uk,614,"59 St-Columbus Circle (A,B,C,D,1)",486.5,0,0
ChIJN6W-X_VYwokRTqwcBnTw1Uk,314,66 St-Lincoln Center (1),152.9,1,1
ChIJN6W-X_VYwokRTqwcBnTw1Uk,160,"72 St (C,B)",690.2,0,0
ChIJ2RFUePdYwokRd5R6XF6xFD0,10,"49 St (N,R,W)",681.0,0,0
ChIJ2RFUePdYwokRd5R6XF6xFD0,316,50 St (1),502.3,0,0
ChIJ2RFUePdYwokRd5R6XF6xFD0,162,"50 St (C,E)",590.6,0,0
ChIJ2RFUePdYwokRd5R6XF6xFD0,277,"7 Av (E,B,D)",290.0,0,1
ChIJ2RFUePdYwokRd5R6XF6xFD0,8,"5 Av/59 St (N,R,W)",554.7,0,0
ChIJ2RFUePdYwokRd5R6XF6xFD0,9,"57 St-7 Av (N,Q,R,W)",80.5,1,1
ChIJ2RFUePdYwokRd5R6XF6xFD0,225,"47-50 Sts-Rockefeller Ctr (B,D,F,M)",728.3,0,0
ChIJ2RFUePdYwokRd5R6XF6xFD0,614,"59 St-Columbus Circle (A,B,C,D,1)",384.0,0,1
ChIJ2RFUePdYwokRd5R6XF6xFD0,224,57 St (F),244.6,1,1
ChIJ2RFUePdYwokRd5R6XF6xFD0,276,"5 Av/53 St (E,M)",678.5,0,0
ChIJ3xjWra5ZwokRrwJ0KZ4yKNs,607,"34 St-Herald Sq (B,D,F,M,N,Q,R,W)",94.1,1,1
ChIJ3xjWra5ZwokRrwJ0KZ4yKNs,403,33 St (6),716.5,0,0
ChIJ3xjWra5ZwokRrwJ0KZ4yKNs,609,"Bryant Pk (B,D,F,M)/5 Av (7)",654.0,0,0
ChIJ3xjWra5ZwokRrwJ0KZ4yKNs,319,28 St (1),560.4,0,0
ChIJ3xjWra5ZwokRrwJ0KZ4yKNs,611,"Times Sq-42 St (N,Q,R,W,S,1,2,3,7)/42 St (A,C,E)",762.2,0,0
ChIJ3xjWra5ZwokRrwJ0KZ4yKNs,164,"34 St-Penn Station (A,C,E)",474.0,0,0
ChIJ3xjWra5ZwokRrwJ0KZ4yKNs,13,"28 St (R,W)",555.5,0,0
ChIJ3xjWra5ZwokRrwJ0KZ4yKNs,318,"34 St-Penn Station (1,2,3)",233.3,1,1
ChIJi6oUnphZwokRpMog28mvAM0,601,"14 St (F,M,1,2,3)/6 Av (L)",527.3,0,0
ChIJi6oUnphZwokRpMog28mvAM0,14,"23 St (R,W)",622.3,0,0
ChIJi6oUnphZwokRpMog28mvAM0,405,23 St (6),583.6,0,0
ChIJi6oUnphZwokRpMog28mvAM0,228,"23 St (F,M)",793.6,0,0
ChIJi6oUnphZwokRpMog28mvAM0,602,"14 St-Union Sq (L,N,Q,R,W,4,5,6)",95.5,1,1
ChIJi6oUnphZwokRpMog28mvAM0,407,Astor Pl (6),646.1,0,0
ChIJi6oUnphZwokRpMog28mvAM0,16,"8 St-NYU (R,W)",629.1,0,0
ChIJi6oUnphZwokRpMog28mvAM0,118,3 Av (L),535.9,0,0
ChIJp32RvaZZwokRfH0Zgzl9mXk,14,"23 St (R,W)",150.4,1,1
ChIJp32RvaZZwokRfH0Zgzl9mXk,405,23 St (6),284.8,0,1
ChIJp32RvaZZwokRfH0Zgzl9mXk,403,33 St (6),659.9,0,0
ChIJp32RvaZZwokRfH0Zgzl9mXk,228,"23 St (F,M)",413.2,0,0
ChIJp32RvaZZwokRfH0Zgzl9mXk,602,"14 St-Union Sq (L,N,Q,R,W,4,5,6)",740.8,0,0
ChIJp32RvaZZwokRfH0Zgzl9mXk,319,28 St (1),718.0,0,0
ChIJp32RvaZZwokRfH0Zgzl9mXk,320,23 St (1),678.6,0,0
ChIJp32RvaZZwokRfH0Zgzl9mXk,404,28 St (6),329.7,0,1
ChIJp32RvaZZwokRfH0Zgzl9mXk,13,"28 St (R,W)",371.5,0,1
ChIJYaVdffBYwokRnTOoCzCq9mE,613,"Lexington Av (N,R,W)/59 St (4,5,6)",631.0,0,0
ChIJYaVdffBYwokRnTOoCzCq9mE,277,"7 Av (E,B,D)",646.4,0,0
ChIJYaVdffBYwokRnTOoCzCq9mE,8,"5 Av/59 St (N,R,W)",84.5,1,1
ChIJYaVdffBYwokRnTOoCzCq9mE,223,"Lexington Av/63 St (F,Q)",691.9,0,0
ChIJYaVdffBYwokRnTOoCzCq9mE,9,"57 St-7 Av (N,Q,R,W)",533.5,0,0
ChIJYaVdffBYwokRnTOoCzCq9mE,614,"59 St-Columbus Circle (A,B,C,D,1)",745.3,0,0
ChIJYaVdffBYwokRnTOoCzCq9mE,224,57 St (F),273.2,0,1
ChIJYaVdffBYwokRnTOoCzCq9mE,276,"5 Av/53 St (E,M)",502.4,0,0
ChIJM-qBJWVZwokRZQwIoEESnEc,10,"49 St (N,R,W)",423.3,0,0
ChIJM-qBJWVZwokRZQwIoEESnEc,316,50 St (1),502.7,0,0
ChIJM-qBJWVZwokRZQwIoEESnEc,162,"50 St (C,E)",693.9,0,0
ChIJM-qBJWVZwokRZQwIoEESnEc,609,"Bryant Pk (B,D,F,M)/5 Av (7)",563.1,0,0
ChIJM-qBJWVZwokRZQwIoEESnEc,277,"7 Av (E,B,D)",495.3,0,0
ChIJM-qBJWVZwokRZQwIoEESnEc,611,"Times Sq-42 St (N,Q,R,W,S,1,2,3,7)/42 St (A,C,E)",660.2,0,0
ChIJM-qBJWVZwokRZQwIoEESnEc,9,"57 St-7 Av (N,Q,R,W)",665.7,0,0
ChIJM-qBJWVZwokRZQwIoEESnEc,225,"47-50 Sts-Rockefeller Ctr (B,D,F,M)",167.5,1,1
ChIJM-qBJWVZwokRZQwIoEESnEc,224,57 St (F),601.1,0,0
ChIJM-qBJWVZwokRZQwIoEESnEc,276,"5 Av/53 St (E,M)",380.2,0,1
ChIJaWjW_PFYwokRFD8a2YQu12U,613,"Lexington Av (N,R,W)/59 St (4,5,6)",686.9,0,0
ChIJaWjW_PFYwokRFD8a2YQu12U,399,68 St-Hunter College (6),685.6,0,0
ChIJaWjW_PFYwokRFD8a2YQu12U,8,"5 Av/59 St (N,R,W)",341.6,0,1
ChIJaWjW_PFYwokRFD8a2YQu12U,223,"Lexington Av/63 St (F,Q)",601.9,0,0
ChIJaWjW_PFYwokRFD8a2YQu12U,224,57 St (F),619.4,0,0
ChIJEYYWppJYwokRUTul6ztwlJ0,160,"72 St (C,B)",493.4,0,0
ChIJ2aWDJ_hYwokRUKinWgKdI70,159,"81 St-Museum of Natural History (C,B)",682.1,0,0
ChIJ2aWDJ_hYwokRUKinWgKdI70,313,"72 St (1,2,3)",643.7,0,0
ChIJ2aWDJ_hYwokRUKinWgKdI70,314,66 St-Lincoln Center (1),643.4,0,0
ChIJ2aWDJ_hYwokRUKinWgKdI70,160,"72 St (C,B)",102.8,1,1
ChIJFXzf4e9YwokRtXgpty_i74g,159,"81 St-Museum of Natural History (C,B)",341.7,0,1
ChIJFXzf4e9YwokRtXgpty_i74g,158,"86 St (C,B)",716.2,0,0
ChIJFXzf4e9YwokRtXgpty_i74g,160,"72 St (C,B)",751.2,0,0
ChIJeelsevFYwokRqyH7P0aN2C8,8,"5 Av/59 St (N,R,W)",343.1,0,1
ChIJeelsevFYwokRqyH7P0aN2C8,223,"Lexington Av/63 St (F,Q)",786.1,0,0
ChIJeelsevFYwokRqyH7P0aN2C8,9,"57 St-7 Av (N,Q,R,W)",626.1,0,0
ChIJeelsevFYwokRqyH7P0aN2C8,614,"59 St-Columbus Circle (A,B,C,D,1)",614.9,0,0
ChIJeelsevFYwokRqyH7P0aN2C8,224,57 St (F),492.2,0,0
ChIJ20bVJYdZwokRhI7esP3mYM0,103,"Bowery (J,Z)",360.8,0,1
ChIJ20bVJYdZwokRhI7esP3mYM0,231,"Grand St (B,D)",314.7,0,1
ChIJ20bVJYdZwokRhI7esP3mYM0,625,"Delancey St (F)/Essex St (J,M,Z)",220.8,1,1
ChIJ20bVJYdZwokRhI7esP3mYM0,232,2 Av (F),509.6,0,0
ChIJ20bVJYdZwokRhI7esP3mYM0,234,East Broadway (F),567.5,0,0
ChIJ20bVJYdZwokRhI7esP3mYM0,409,Spring St (6),709.3,0,0
ChIJlaRS3IVZwokR2llMD6dCt-U,103,"Bowery (J,Z)",244.4,1,1
ChIJlaRS3IVZwokR2llMD6dCt-U,231,"Grand St (B,D)",458.5,0,0
ChIJlaRS3IVZwokR2llMD6dCt-U,619,"Broadway-Lafayette St (B,D,F,M)/Bleecker St (6)",424.1,0,0
ChIJlaRS3IVZwokR2llMD6dCt-U,625,"Delancey St (F)/Essex St (J,M,Z)",616.4,0,0
ChIJlaRS3IVZwokR2llMD6dCt-U,232,2 Av (F),275.3,0,1
ChIJlaRS3IVZwokR2llMD6dCt-U,17,"Prince St (R,W)",461.9,0,0
ChIJlaRS3IVZwokR2llMD6dCt-U,623,"Canal St (J,N,Q,R,W,Z,6)",682.4,0,0
ChIJlaRS3IVZwokR2llMD6dCt-U,409,Spring St (6),358.1,0,1
ChIJD4QSVbxZwokRaFPDajZtIaI,601,"14 St (F,M,1,2,3)/6 Av (L)",208.6,1,1
ChIJD4QSVbxZwokRaFPDajZtIaI,14,"23 St (R,W)",690.8,0,0
ChIJD4QSVbxZwokRaFPDajZtIaI,618,"14 St (A,C,E)/8 Av (L)",382.4,0,1
ChIJD4QSVbxZwokRaFPDajZtIaI,165,"23 St (C,E)",663.8,0,0
ChIJD4QSVbxZwokRaFPDajZtIaI,228,"23 St (F,M)",500.6,0,0
ChIJD4QSVbxZwokRaFPDajZtIaI,602,"14 St-Union Sq (L,N,Q,R,W,4,5,6)",781.3,0,0
ChIJD4QSVbxZwokRaFPDajZtIaI,320,23 St (1),479.6,0,0
ChIJD4QSVbxZwokRaFPDajZtIaI,321,18 St (1),127.9,1,1
ChIJi4hYtB32wokR1Npx_Tv7phk,441,"Central Park North (110 St) (2,3)",731.9,0,0
ChIJi4hYtB32wokR1Npx_Tv7phk,394,110 St (6),703.3,0,0
ChIJi4hYtB32wokR1Npx_Tv7phk,396,96 St (6),762.1,0,0
ChIJi4hYtB32wokR1Npx_Tv7phk,395,103 St (6),428.2,0,0
ChIJWT0gUBz2wokRNcAxVUphAAs,441,"Central Park North (110 St) (2,3)",663.4,0,0
ChIJWT0gUBz2wokRNcAxVUphAAs,394,110 St (6),638.5,0,0
ChIJWT0gUBz2wokRNcAxVUphAAs,395,103 St (6),433.2,0,0
ChIJYWLHOqJYwokRmkVum_hd7Ss,397,"86 St (4,5,6)",666.5,0,0
ChIJYWLHOqJYwokRmkVum_hd7Ss,396,96 St (6),530.1,0,0
ChIJ01_9-ZdYwokRL2JrA28GJp8,397,"86 St (4,5,6)",444.9,0,0
ChIJL-CJmTFZwokRsPcqje_bn7w,618,"14 St (A,C,E)/8 Av (L)",733.2,0,0
ChIJq6qqr8dZwokRNqYPAJcjKas,168,"Spring St (C,E)",769.3,0,0
ChIJq6qqr8dZwokRNqYPAJcjKas,324,Houston St (1),580.2,0,0
ChIJTQoVbZRZwokRx0ocj9EU2sA,601,"14 St (F,M,1,2,3)/6 Av (L)",677.3,0,0
ChIJTQoVbZRZwokRx0ocj9EU2sA,167,"W 4 St-Wash Sq (A,C,E,B,D,F,M)",217.6,1,1
ChIJTQoVbZRZwokRx0ocj9EU2sA,618,"14 St (A,C,E)/8 Av (L)",780.0,0,0
ChIJTQoVbZRZwokRx0ocj9EU2sA,324,Houston St (1),676.5,0,0
ChIJTQoVbZRZwokRx0ocj9EU2sA,323,Christopher St-Sheridan Sq (1),77.9,1,1
ChIJmeJZYoxYwokRCRPVFhoAwVU,159,"81 St-Museum of Natural History (C,B)",617.5,0,0
ChIJmeJZYoxYwokRCRPVFhoAwVU,313,"72 St (1,2,3)",522.6,0,0
ChIJmeJZYoxYwokRCRPVFhoAwVU,314,66 St-Lincoln Center (1),630.6,0,0
ChIJmeJZYoxYwokRCRPVFhoAwVU,160,"72 St (C,B)",134.5,1,1
ChIJL1DP2C72wokRh3Lfn4T0Z3w,307,116 St-Columbia University (1),338.6,0,1
ChIJL1DP2C72wokRh3Lfn4T0Z3w,308,Cathedral Pkwy (110 St) (1),623.4,0,0
ChIJcQM7oP5YwokRvrQ8ty1ULps,10,"49 St (N,R,W)",612.0,0,0
ChIJcQM7oP5YwokRvrQ8ty1ULps,316,50 St (1),683.8,0,0
ChIJcQM7oP5YwokRvrQ8ty1ULps,609,"Bryant Pk (B,D,F,M)/5 Av (7)",608.5,0,0
ChIJcQM7oP5YwokRvrQ8ty1ULps,610,"Grand Central-42 St (S,4,5,6,7)",708.0,0,0
ChIJcQM7oP5YwokRvrQ8ty1ULps,277,"7 Av (E,B,D)",642.0,0,0
ChIJcQM7oP5YwokRvrQ8ty1ULps,612,"Lexington Av-53 St (E,M)/51 St (6)",688.1,0,0
ChIJcQM7oP5YwokRvrQ8ty1ULps,9,"57 St-7 Av (N,Q,R,W)",780.2,0,0
ChIJcQM7oP5YwokRvrQ8ty1ULps,225,"47-50 Sts-Rockefeller Ctr (B,D,F,M)",348.1,0,1
ChIJcQM7oP5YwokRvrQ8ty1ULps,224,57 St (F),649.0,0,0
ChIJcQM7oP5YwokRvrQ8ty1ULps,276,"5 Av/53 St (E,M)",282.8,0,1
ChIJ-RNjg-VYwokRCJTSRaHml6E,613,"Lexington Av (N,R,W)/59 St (4,5,6)",42.8,1,1
ChIJ-RNjg-VYwokRCJTSRaHml6E,399,68 St-Hunter College (6),712.5,0,0
ChIJ-RNjg-VYwokRCJTSRaHml6E,TRAM1,RI Tramway (Manhattan),279.8,0,1
ChIJ-RNjg-VYwokRCJTSRaHml6E,612,"Lexington Av-53 St (E,M)/51 St (6)",548.8,0,0
ChIJ-RNjg-VYwokRCJTSRaHml6E,8,"5 Av/59 St (N,R,W)",586.7,0,0
ChIJ-RNjg-VYwokRCJTSRaHml6E,223,"Lexington Av/63 St (F,Q)",279.6,0,1
ChIJ-RNjg-VYwokRCJTSRaHml6E,276,"5 Av/53 St (E,M)",711.8,0,0
ChIJjyX2GqRZwokRT-gdcGoPuSI,613,"Lexington Av (N,R,W)/59 St (4,5,6)",556.8,0,0
ChIJjyX2GqRZwokRT-gdcGoPuSI,277,"7 Av (E,B,D)",650.6,0,0
ChIJjyX2GqRZwokRT-gdcGoPuSI,612,"Lexington Av-53 St (E,M)/51 St (6)",700.6,0,0
ChIJjyX2GqRZwokRT-gdcGoPuSI,8,"5 Av/59 St (N,R,W)",240.4,1,1
ChIJjyX2GqRZwokRT-gdcGoPuSI,223,"Lexington Av/63 St (F,Q)",691.7,0,0
ChIJjyX2GqRZwokRT-gdcGoPuSI,9,"57 St-7 Av (N,Q,R,W)",608.9,0,0
ChIJjyX2GqRZwokRT-gdcGoPuSI,225,"47-50 Sts-Rockefeller Ctr (B,D,F,M)",768.7,0,0
ChIJjyX2GqRZwokRT-gdcGoPuSI,224,57 St (F),330.0,0,1
ChIJjyX2GqRZwokRT-gdcGoPuSI,276,"5 Av/53 St (E,M)",302.1,0,1
ChIJrc9T9fpYwokRdvjYRHT8nI4,613,"Lexington Av (N,R,W)/59 St (4,5,6)",547.2,0,0
ChIJrc9T9fpYwokRdvjYRHT8nI4,277,"7 Av (E,B,D)",662.2,0,0
ChIJrc9T9fpYwokRdvjYRHT8nI4,612,"Lexington Av-53 St (E,M)/51 St (6)",670.7,0,0
ChIJrc9T9fpYwokRdvjYRHT8nI4,8,"5 Av/59 St (N,R,W)",267.7,0,1
ChIJrc9T9fpYwokRdvjYRHT8nI4,223,"Lexington Av/63 St (F,Q)",691.9,0,0
ChIJrc9T9fpYwokRdvjYRHT8nI4,9,"57 St-7 Av (N,Q,R,W)",629.4,0,0
ChIJrc9T9fpYwokRdvjYRHT8nI4,225,"47-50 Sts-Rockefeller Ctr (B,D,F,M)",760.4,0,0
ChIJrc9T9fpYwokRdvjYRHT8nI4,224,57 St (F),352.6,0,1
ChIJrc9T9fpYwokRdvjYRHT8nI4,276,"5 Av/53 St (E,M)",279.1,0,1
ChIJR1pTRTxawokRyzoX5XQ_alI,333,"Wall St (2,3)",659.0,0,0
ChIJR1pTRTxawokRyzoX5XQ_alI,628,"Fulton St (A,C,J,Z,2,3,4,5)",691.8,0,0
ChIJaeKcEaRZwokRcllXm5cM7J0,601,"14 St (F,M,1,2,3)/6 Av (L)",692.8,0,0
ChIJaeKcEaRZwokRcllXm5cM7J0,14,"23 St (R,W)",103.7,1,1
ChIJaeKcEaRZwokRcllXm5cM7J0,405,23 St (6),380.8,0,1
ChIJaeKcEaRZwokRcllXm5cM7J0,165,"23 St (C,E)",796.0,0,0
ChIJaeKcEaRZwokRcllXm5cM7J0,228,"23 St (F,M)",248.4,1,1
ChIJaeKcEaRZwokRcllXm5cM7J0,602,"14 St-Union Sq (L,N,Q,R,W,4,5,6)",705.4,0,0
ChIJaeKcEaRZwokRcllXm5cM7J0,319,28 St (1),637.7,0,0
ChIJaeKcEaRZwokRcllXm5cM7J0,320,23 St (1),521.4,0,0
ChIJaeKcEaRZwokRcllXm5cM7J0,404,28 St (6),503.8,0,0
ChIJaeKcEaRZwokRcllXm5cM7J0,13,"28 St (R,W)",401.2,0,0
ChIJaeKcEaRZwokRcllXm5cM7J0,321,18 St (1),665.4,0,0
ChIJ5wFJxXr2wokRQEmdWil_bEw,304,145 St (1),631.8,0,0
ChIJ5wFJxXr2wokRQEmdWil_bEw,151,"145 St (A,C,B,D)",460.8,0,0
ChIJ5wFJxXr2wokRQEmdWil_bEw,152,"135 St (C,B)",386.6,0,1
ChIJ5wFJxXr2wokRQEmdWil_bEw,305,137 St-City College (1),540.9,0,0
ChIJqTIQToL2wokRKbmUA423_YY,605,"168 St (A,C,1)",700.8,0,0
ChIJqTIQToL2wokRKbmUA423_YY,220,"155 St (B,D)",481.3,0,0
ChIJqTIQToL2wokRKbmUA423_YY,149,163 St-Amsterdam Av (C),206.0,1,1
ChIJqTIQToL2wokRKbmUA423_YY,303,157 St (1),533.5,0,0
ChIJqTIQToL2wokRKbmUA423_YY,150,155 St (C),502.8,0,0
ChIJTZ18cAH0wokR1HfVR86mzEA,145,190 St (A),462.3,0,0
ChIJTZ18cAH0wokR1HfVR86mzEA,144,Dyckman St (A),470.0,0,0
ChIJTZ18cAH0wokR1HfVR86mzEA,299,Dyckman St (1),534.4,0,0
ChIJpUOPMe7zwokRJUQfPbEU1CI,144,Dyckman St (A),773.2,0,0
ChIJpUOPMe7zwokRJUQfPbEU1CI,143,Inwood-207 St (A),614.0,0,0
ChIJIVEyfY5YwokRXqcWLrl5XVA,159,"81 St-Museum of Natural History (C,B)",275.2,0,1
ChIJIVEyfY5YwokRXqcWLrl5XVA,313,"72 St (1,2,3)",686.1,0,0
ChIJIVEyfY5YwokRXqcWLrl5XVA,312,79 St (1),718.6,0,0
ChIJIVEyfY5YwokRXqcWLrl5XVA,160,"72 St (C,B)",467.7,0,0
ChIJ5YRc6oVZwokRcRC4WKbR6_s,103,"Bowery (J,Z)",459.9,0,0
ChIJ5YRc6oVZwokRcRC4WKbR6_s,231,"Grand St (B,D)",385.9,0,1
ChIJ5YRc6oVZwokRcRC4WKbR6_s,625,"Delancey St (F)/Essex St (J,M,Z)",148.3,1,1
ChIJ5YRc6oVZwokRcRC4WKbR6_s,232,2 Av (F),578.6,0,0
ChIJ5YRc6oVZwokRcRC4WKbR6_s,234,East Broadway (F),509.0,0,0
ChIJYTeZ_BFawokRQzNFpOk4Bew,413,"Wall St (4,5)",536.1,0,0
ChIJYTeZ_BFawokRQzNFpOk4Bew,329,Rector St (1),387.6,0,1
ChIJYTeZ_BFawokRQzNFpOk4Bew,635,"South Ferry (1)/Whitehall St (R,W)",499.2,0,0
ChIJYTeZ_BFawokRQzNFpOk4Bew,333,"Wall St (2,3)",738.9,0,0
ChIJYTeZ_BFawokRQzNFpOk4Bew,22,"Rector St (R,W)",406.6,0,0
ChIJYTeZ_BFawokRQzNFpOk4Bew,107,"Broad St (J,Z)",570.2,0,0
ChIJYTeZ_BFawokRQzNFpOk4Bew,414,"Bowling Green (4,5)",326.5,0,1
ChIJAw6IZBFbwokRQfEy-LXgDXw,413,"Wall St (4,5)",464.3,0,0
ChIJAw6IZBFbwokRQfEy-LXgDXw,329,Rector St (1),502.6,0,0
ChIJAw6IZBFbwokRQfEy-LXgDXw,635,"South Ferry (1)/Whitehall St (R,W)",152.2,1,1
ChIJAw6IZBFbwokRQfEy-LXgDXw,333,"Wall St (2,3)",422.6,0,0
ChIJAw6IZBFbwokRQfEy-LXgDXw,22,"Rector St (R,W)",457.9,0,0
ChIJAw6IZBFbwokRQfEy-LXgDXw,107,"Broad St (J,Z)",342.0,0,1
ChIJAw6IZBFbwokRQfEy-LXgDXw,414,"Bowling Green (4,5)",281.8,0,1
ChIJgVtmM_ZYwokRcJJnebe5KX8,316,50 St (1),648.3,0,0
ChIJgVtmM_ZYwokRcJJnebe5KX8,162,"50 St (C,E)",644.2,0,0
ChIJgVtmM_ZYwokRcJJnebe5KX8,277,"7 Av (E,B,D)",502.4,0,0
ChIJgVtmM_ZYwokRcJJnebe5KX8,8,"5 Av/59 St (N,R,W)",778.1,0,0
ChIJgVtmM_ZYwokRcJJnebe5KX8,9,"57 St-7 Av (N,Q,R,W)",320.3,0,1
ChIJgVtmM_ZYwokRcJJnebe5KX8,614,"59 St-Columbus Circle (A,B,C,D,1)",103.8,1,1
ChIJgVtmM_ZYwokRcJJnebe5KX8,314,66 St-Lincoln Center (1),674.8,0,0
ChIJgVtmM_ZYwokRcJJnebe5KX8,224,57 St (F),535.3,0,0
ChIJF5e1QvlYwokRcVF6x1CEcQk,10,"49 St (N,R,W)",559.3,0,0
ChIJF5e1QvlYwokRcVF6x1CEcQk,316,50 St (1),545.5,0,0
ChIJF5e1QvlYwokRcVF6x1CEcQk,162,"50 St (C,E)",740.2,0,0
ChIJF5e1QvlYwokRcVF6x1CEcQk,277,"7 Av (E,B,D)",428.2,0,0
ChIJF5e1QvlYwokRcVF6x1CEcQk,612,"Lexington Av-53 St (E,M)/51 St (6)",785.8,0,0
ChIJF5e1QvlYwokRcVF6x1CEcQk,8,"5 Av/59 St (N,R,W)",590.5,0,0
ChIJF5e1QvlYwokRcVF6x1CEcQk,9,"57 St-7 Av (N,Q,R,W)",525.4,0,0
ChIJF5e1QvlYwokRcVF6x1CEcQk,225,"47-50 Sts-Rockefeller Ctr (B,D,F,M)",381.6,0,1
ChIJF5e1QvlYwokRcVF6x1CEcQk,224,57 St (F),379.1,0,1
ChIJF5e1QvlYwokRcVF6x1CEcQk,276,"5 Av/53 St (E,M)",201.0,1,1
ChIJfQDvGoxZwokRvzLRRApytgQ,613,"Lexington Av (N,R,W)/59 St (4,5,6)",305.1,0,1
ChIJfQDvGoxZwokRvzLRRApytgQ,399,68 St-Hunter College (6),763.7,0,0
ChIJfQDvGoxZwokRvzLRRApytgQ,TRAM1,RI Tramway (Manhattan),6.5,1,1
ChIJfQDvGoxZwokRvzLRRApytgQ,612,"Lexington Av-53 St (E,M)/51 St (6)",589.1,0,0
ChIJfQDvGoxZwokRvzLRRApytgQ,223,"Lexington Av/63 St (F,Q)",407.0,0,0
ChIJoxqn-kD2wokRLvhOLfAneU8,307,116 St-Columbia University (1),638.2,0,0
ChIJoxqn-kD2wokRLvhOLfAneU8,306,125 St (1),463.3,0,0
ChIJh70nPBz2wokR7EWPEdNPP9s,441,"Central Park North (110 St) (2,3)",601.0,0,0
ChIJh70nPBz2wokR7EWPEdNPP9s,394,110 St (6),706.6,0,0
ChIJh70nPBz2wokR7EWPEdNPP9s,395,103 St (6),542.2,0,0
ChIJ_1f3U5JYwokRH1_PRd1eIrI,159,"81 St-Museum of Natural History (C,B)",445.5,0,0
ChIJ_1f3U5JYwokRH1_PRd1eIrI,160,"72 St (C,B)",618.0,0,0
ChIJezBcrvNYwokRCGwwAfivN4g,8,"5 Av/59 St (N,R,W)",785.1,0,0
ChIJezBcrvNYwokRCGwwAfivN4g,614,"59 St-Columbus Circle (A,B,C,D,1)",698.2,0,0
ChIJezBcrvNYwokRCGwwAfivN4g,314,66 St-Lincoln Center (1),647.3,0,0
ChIJezBcrvNYwokRCGwwAfivN4g,160,"72 St (C,B)",443.9,0,0
ChIJx3g2ovJYwokRtkUlbWC4nE8,160,"72 St (C,B)",542.8,0,0
ChIJIcCApvFYwokR88lT-bgPmCE,613,"Lexington Av (N,R,W)/59 St (4,5,6)",725.8,0,0
ChIJIcCApvFYwokR88lT-bgPmCE,277,"7 Av (E,B,D)",799.4,0,0
ChIJIcCApvFYwokR88lT-bgPmCE,8,"5 Av/59 St (N,R,W)",238.8,1,1
ChIJIcCApvFYwokR88lT-bgPmCE,223,"Lexington Av/63 St (F,Q)",697.1,0,0
ChIJIcCApvFYwokR88lT-bgPmCE,9,"57 St-7 Av (N,Q,R,W)",629.6,0,0
ChIJIcCApvFYwokR88lT-bgPmCE,614,"59 St-Columbus Circle (A,B,C,D,1)",684.6,0,0
ChIJIcCApvFYwokR88lT-bgPmCE,224,57 St (F),449.7,0,0
ChIJIcCApvFYwokR88lT-bgPmCE,276,"5 Av/53 St (E,M)",761.7,0,0
ChIJAxWOxp9ZwokRRBVw2iHi1iA,613,"Lexington Av (N,R,W)/59 St (4,5,6)",664.5,0,0
ChIJAxWOxp9ZwokRRBVw2iHi1iA,277,"7 Av (E,B,D)",731.5,0,0
ChIJAxWOxp9ZwokRRBVw2iHi1iA,8,"5 Av/59 St (N,R,W)",130.1,1,1
ChIJAxWOxp9ZwokRRBVw2iHi1iA,223,"Lexington Av/63 St (F,Q)",673.4,0,0
ChIJAxWOxp9ZwokRRBVw2iHi1iA,9,"57 St-7 Av (N,Q,R,W)",583.2,0,0
ChIJAxWOxp9ZwokRRBVw2iHi1iA,614,"59 St-Columbus Circle (A,B,C,D,1)",709.5,0,0
ChIJAxWOxp9ZwokRRBVw2iHi1iA,224,57 St (F),365.6,0,1
ChIJAxWOxp9ZwokRRBVw2iHi1iA,276,"5 Av/53 St (E,M)",646.6,0,0
ChIJMaZfGgpZwokR0gtRaGghT_w,14,"23 St (R,W)",649.0,0,0
ChIJMaZfGgpZwokR0gtRaGghT_w,405,23 St (6),387.1,0,1
ChIJMaZfGgpZwokR0gtRaGghT_w,602,"14 St-Union Sq (L,N,Q,R,W,4,5,6)",478.4,0,0
ChIJMaZfGgpZwokR0gtRaGghT_w,119,1 Av (L),690.6,0,0
ChIJMaZfGgpZwokR0gtRaGghT_w,404,28 St (6),699.8,0,0
ChIJMaZfGgpZwokR0gtRaGghT_w,118,3 Av (L),458.3,0,0
ChIJgTDll51ZwokRVjN7KXztwXY,232,2 Av (F),765.4,0,0
ChIJgTDll51ZwokRVjN7KXztwXY,119,1 Av (L),503.2,0,0
ChIJXa-d3ZBZwokRGcUkpZc_uC4,601,"14 St (F,M,1,2,3)/6 Av (L)",776.1,0,0
ChIJXa-d3ZBZwokRGcUkpZc_uC4,167,"W 4 St-Wash Sq (A,C,E,B,D,F,M)",312.6,0,1
ChIJXa-d3ZBZwokRGcUkpZc_uC4,168,"Spring St (C,E)",788.5,0,0
ChIJXa-d3ZBZwokRGcUkpZc_uC4,619,"Broadway-Lafayette St (B,D,F,M)/Bleecker St (6)",625.3,0,0
ChIJXa-d3ZBZwokRGcUkpZc_uC4,602,"14 St-Union Sq (L,N,Q,R,W,4,5,6)",780.3,0,0
ChIJXa-d3ZBZwokRGcUkpZc_uC4,407,Astor Pl (6),523.8,0,0
ChIJXa-d3ZBZwokRGcUkpZc_uC4,16,"8 St-NYU (R,W)",388.9,0,1
ChIJXa-d3ZBZwokRGcUkpZc_uC4,17,"Prince St (R,W)",767.7,0,0
ChIJXa-d3ZBZwokRGcUkpZc_uC4,324,Houston St (1),770.8,0,0
ChIJXa-d3ZBZwokRGcUkpZc_uC4,323,Christopher St-Sheridan Sq (1),547.9,0,0
ChIJ8akBcZlZwokRlGROGaTkMnM,619,"Broadway-Lafayette St (B,D,F,M)/Bleecker St (6)",748.8,0,0
ChIJ8akBcZlZwokRlGROGaTkMnM,602,"14 St-Union Sq (L,N,Q,R,W,4,5,6)",421.8,0,0
ChIJ8akBcZlZwokRlGROGaTkMnM,407,Astor Pl (6),214.2,1,1
ChIJ8akBcZlZwokRlGROGaTkMnM,119,1 Av (L),789.5,0,0
ChIJ8akBcZlZwokRlGROGaTkMnM,16,"8 St-NYU (R,W)",234.0,1,1
ChIJ8akBcZlZwokRlGROGaTkMnM,118,3 Av (L),414.5,0,0
ChIJC-exc5RZwokRWb0fbD6ZBTc,601,"14 St (F,M,1,2,3)/6 Av (L)",708.1,0,0
ChIJC-exc5RZwokRWb0fbD6ZBTc,167,"W 4 St-Wash Sq (A,C,E,B,D,F,M)",207.8,1,1
ChIJC-exc5RZwokRWb0fbD6ZBTc,324,Houston St (1),644.5,0,0
ChIJC-exc5RZwokRWb0fbD6ZBTc,323,Christopher St-Sheridan Sq (1),51.1,1,1
ChIJy8jTDBtawokRB9wNyxemSw8,413,"Wall St (4,5)",647.6,0,0
ChIJy8jTDBtawokRB9wNyxemSw8,329,Rector St (1),599.2,0,0
ChIJy8jTDBtawokRB9wNyxemSw8,624,"Chambers St (A,C)/WTC (E)/Park Pl (2,3)/Cortlandt (R,W)",570.9,0,0
ChIJy8jTDBtawokRB9wNyxemSw8,327,"Chambers St (1,2,3)",586.8,0,0
ChIJy8jTDBtawokRB9wNyxemSw8,22,"Rector St (R,W)",639.3,0,0
ChIJy8jTDBtawokRB9wNyxemSw8,20,"City Hall (R,W)",699.8,0,0
ChIJy8jTDBtawokRB9wNyxemSw8,107,"Broad St (J,Z)",785.8,0,0
ChIJy8jTDBtawokRB9wNyxemSw8,628,"Fulton St (A,C,J,Z,2,3,4,5)",769.0,0,0
ChIJy8jTDBtawokRB9wNyxemSw8,328,WTC Cortlandt (1),279.2,0,1
ChIJywJ318BZwokR4uWXUTbMRtc,618,"14 St (A,C,E)/8 Av (L)",677.2,0,0
ChIJ730FRYhZwokRhLS7n5Ybz54,103,"Bowery (J,Z)",314.6,0,1
ChIJ730FRYhZwokRhLS7n5Ybz54,231,"Grand St (B,D)",316.8,0,1
ChIJ730FRYhZwokRhLS7n5Ybz54,619,"Broadway-Lafayette St (B,D,F,M)/Bleecker St (6)",782.3,0,0
ChIJ730FRYhZwokRhLS7n5Ybz54,232,2 Av (F),782.2,0,0
ChIJ730FRYhZwokRhLS7n5Ybz54,17,"Prince St (R,W)",577.8,0,0
ChIJ730FRYhZwokRhLS7n5Ybz54,623,"Canal St (J,N,Q,R,W,Z,6)",234.8,1,1
ChIJ730FRYhZwokRhLS7n5Ybz54,169,"Canal St (A,C,E)",691.5,0,0
ChIJ730FRYhZwokRhLS7n5Ybz54,409,Spring St (6),351.6,0,1
ChIJDcEvbPVZwokRETEfzXATns8,103,"Bowery (J,Z)",568.2,0,0
ChIJDcEvbPVZwokRETEfzXATns8,231,"Grand St (B,D)",393.3,0,1
ChIJDcEvbPVZwokRETEfzXATns8,622,"Brooklyn Bridge-City Hall (4,5,6)/Chambers St (J,Z)",611.2,0,0
ChIJDcEvbPVZwokRETEfzXATns8,234,East Broadway (F),621.0,0,0
ChIJDcEvbPVZwokRETEfzXATns8,623,"Canal St (J,N,Q,R,W,Z,6)",489.6,0,0
ChIJDcEvbPVZwokRETEfzXATns8,409,Spring St (6),728.3,0,0
ChIJ_f1FDqlZwokRqCItRNuQIKs,14,"23 St (R,W)",744.8,0,0
ChIJ_f1FDqlZwokRqCItRNuQIKs,607,"34 St-Herald Sq (B,D,F,M,N,Q,R,W)",233.2,1,1
ChIJ_f1FDqlZwokRqCItRNuQIKs,403,33 St (6),445.4,0,0
ChIJ_f1FDqlZwokRqCItRNuQIKs,228,"23 St (F,M)",735.8,0,0
ChIJ_f1FDqlZwokRqCItRNuQIKs,319,28 St (1),547.8,0,0
ChIJ_f1FDqlZwokRqCItRNuQIKs,404,28 St (6),564.5,0,0
ChIJ_f1FDqlZwokRqCItRNuQIKs,164,"34 St-Penn Station (A,C,E)",745.4,0,0
ChIJ_f1FDqlZwokRqCItRNuQIKs,13,"28 St (R,W)",291.8,0,1
ChIJ_f1FDqlZwokRqCItRNuQIKs,318,"34 St-Penn Station (1,2,3)",457.2,0,0
ChIJq6pqPhv2wokRPPkifui_-LY,441,"Central Park North (110 St) (2,3)",362.6,0,1
ChIJq6pqPhv2wokRPPkifui_-LY,393,116 St (6),693.6,0,0
ChIJq6pqPhv2wokRPPkifui_-LY,394,110 St (6),454.6,0,0
ChIJq6pqPhv2wokRPPkifui_-LY,395,103 St (6),665.3,0,0
ChIJq6pqPhv2wokRPPkifui_-LY,440,"116 St (2,3)",632.0,0,0
ChIJy7cGfBlawokR5l2e93hsoEA,413,"Wall St (4,5)",590.6,0,0
ChIJy7cGfBlawokR5l2e93hsoEA,329,Rector St (1),582.9,0,0
ChIJy7cGfBlawokR5l2e93hsoEA,624,"Chambers St (A,C)/WTC (E)/Park Pl (2,3)/Cortlandt (R,W)",420.2,0,0
ChIJy7cGfBlawokR5l2e93hsoEA,327,"Chambers St (1,2,3)",460.8,0,0
ChIJy7cGfBlawokR5l2e93hsoEA,333,"Wall St (2,3)",750.9,0,0
ChIJy7cGfBlawokR5l2e93hsoEA,22,"Rector St (R,W)",614.1,0,0
ChIJy7cGfBlawokR5l2e93hsoEA,20,"City Hall (R,W)",542.7,0,0
ChIJy7cGfBlawokR5l2e93hsoEA,107,"Broad St (J,Z)",724.1,0,0
ChIJy7cGfBlawokR5l2e93hsoEA,628,"Fulton St (A,C,J,Z,2,3,4,5)",621.5,0,0
ChIJy7cGfBlawokR5l2e93hsoEA,328,WTC Cortlandt (1),142.4,1,1
ChIJ8VOfr1RYwokRhil9_pcMKuc,10,"49 St (N,R,W)",522.6,0,0
ChIJ8VOfr1RYwokRhil9_pcMKuc,607,"34 St-Herald Sq (B,D,F,M,N,Q,R,W)",753.3,0,0
ChIJ8VOfr1RYwokRhil9_pcMKuc,316,50 St (1),697.9,0,0
ChIJ8VOfr1RYwokRhil9_pcMKuc,162,"50 St (C,E)",695.1,0,0
ChIJ8VOfr1RYwokRhil9_pcMKuc,609,"Bryant Pk (B,D,F,M)/5 Av (7)",571.3,0,0
ChIJ8VOfr1RYwokRhil9_pcMKuc,611,"Times Sq-42 St (N,Q,R,W,S,1,2,3,7)/42 St (A,C,E)",150.7,1,1
ChIJ8VOfr1RYwokRhil9_pcMKuc,225,"47-50 Sts-Rockefeller Ctr (B,D,F,M)",642.4,0,0
ChIJ8VOfr1RYwokRhil9_pcMKuc,164,"34 St-Penn Station (A,C,E)",627.7,0,0
ChIJ8VOfr1RYwokRhil9_pcMKuc,318,"34 St-Penn Station (1,2,3)",714.8,0,0
ChIJoQb5SxBawokRtYcvnZAI2lE,413,"Wall St (4,5)",619.0,0,0
ChIJoQb5SxBawokRtYcvnZAI2lE,329,Rector St (1),518.9,0,0
ChIJoQb5SxBawokRtYcvnZAI2lE,635,"South Ferry (1)/Whitehall St (R,W)",321.2,0,1
ChIJoQb5SxBawokRtYcvnZAI2lE,333,"Wall St (2,3)",750.2,0,0
ChIJoQb5SxBawokRtYcvnZAI2lE,22,"Rector St (R,W)",511.7,0,0
ChIJoQb5SxBawokRtYcvnZAI2lE,107,"Broad St (J,Z)",590.4,0,0
ChIJoQb5SxBawokRtYcvnZAI2lE,414,"Bowling Green (4,5)",276.8,0,1
ChIJuwazLZ9ZwokRoDhp6p5_XCo,601,"14 St (F,M,1,2,3)/6 Av (L)",571.1,0,0
ChIJuwazLZ9ZwokRoDhp6p5_XCo,14,"23 St (R,W)",617.3,0,0
ChIJuwazLZ9ZwokRoDhp6p5_XCo,405,23 St (6),557.7,0,0
ChIJuwazLZ9ZwokRoDhp6p5_XCo,602,"14 St-Union Sq (L,N,Q,R,W,4,5,6)",48.4,1,1
ChIJuwazLZ9ZwokRoDhp6p5_XCo,407,Astor Pl (6),643.3,0,0
ChIJuwazLZ9ZwokRoDhp6p5_XCo,16,"8 St-NYU (R,W)",636.4,0,0
ChIJuwazLZ9ZwokRoDhp6p5_XCo,118,3 Av (L),496.8,0,0
ChIJNfIGsapZwokR6wmdPMZEBbU,471,34 St-Hudson Yards (7),776.4,0,0
ChIJBxw9mhhawokRJzY2jnlYsZM,413,"Wall St (4,5)",703.2,0,0
ChIJBxw9mhhawokRJzY2jnlYsZM,622,"Brooklyn Bridge-City Hall (4,5,6)/Chambers St (J,Z)",272.0,0,1
ChIJBxw9mhhawokRJzY2jnlYsZM,326,Franklin St (1),768.5,0,0
ChIJBxw9mhhawokRJzY2jnlYsZM,624,"Chambers St (A,C)/WTC (E)/Park Pl (2,3)/Cortlandt (R,W)",251.9,0,1
ChIJBxw9mhhawokRJzY2jnlYsZM,327,"Chambers St (1,2,3)",412.1,0,0
ChIJBxw9mhhawokRJzY2jnlYsZM,333,"Wall St (2,3)",659.1,0,0
ChIJBxw9mhhawokRJzY2jnlYsZM,20,"City Hall (R,W)",104.3,1,1
ChIJBxw9mhhawokRJzY2jnlYsZM,107,"Broad St (J,Z)",763.3,0,0
ChIJBxw9mhhawokRJzY2jnlYsZM,628,"Fulton St (A,C,J,Z,2,3,4,5)",230.3,1,1
ChIJBxw9mhhawokRJzY2jnlYsZM,328,WTC Cortlandt (1),482.5,0,0
ChIJ6XBmhaZZwokRlmXoc8vxrsE,601,"14 St (F,M,1,2,3)/6 Av (L)",561.8,0,0
ChIJ6XBmhaZZwokRlmXoc8vxrsE,618,"14 St (A,C,E)/8 Av (L)",161.9,1,1
ChIJ6XBmhaZZwokRlmXoc8vxrsE,320,23 St (1),781.9,0,0
ChIJ6XBmhaZZwokRlmXoc8vxrsE,321,18 St (1),450.2,0,0
ChIJ6XBmhaZZwokRlmXoc8vxrsE,323,Christopher St-Sheridan Sq (1),696.9,0,0
ChIJv8mWqY9YwokRIzh7-8yBA14,159,"81 St-Museum of Natural History (C,B)",211.1,1,1
ChIJv8mWqY9YwokRIzh7-8yBA14,313,"72 St (1,2,3)",791.5,0,0
ChIJv8mWqY9YwokRIzh7-8yBA14,158,"86 St (C,B)",583.9,0,0
ChIJv8mWqY9YwokRIzh7-8yBA14,312,79 St (1),505.5,0,0
ChIJv8mWqY9YwokRIzh7-8yBA14,311,86 St (1),704.4,0,0
ChIJv8mWqY9YwokRIzh7-8yBA14,160,"72 St (C,B)",788.6,0,0
ChIJZUczMVZYwokR2GRTDrcGv10,10,"49 St (N,R,W)",302.5,0,1
ChIJZUczMVZYwokR2GRTDrcGv10,316,50 St (1),131.3,1,1
ChIJZUczMVZYwokR2GRTDrcGv10,162,"50 St (C,E)",86.1,1,1
ChIJZUczMVZYwokR2GRTDrcGv10,277,"7 Av (E,B,D)",283.0,0,1
ChIJZUczMVZYwokR2GRTDrcGv10,611,"Times Sq-42 St (N,Q,R,W,S,1,2,3,7)/42 St (A,C,E)",610.9,0,0
ChIJZUczMVZYwokR2GRTDrcGv10,9,"57 St-7 Av (N,Q,R,W)",432.6,0,0
ChIJZUczMVZYwokR2GRTDrcGv10,225,"47-50 Sts-Rockefeller Ctr (B,D,F,M)",529.6,0,0
ChIJZUczMVZYwokR2GRTDrcGv10,614,"59 St-Columbus Circle (A,B,C,D,1)",694.7,0,0
ChIJZUczMVZYwokR2GRTDrcGv10,224,57 St (F),652.9,0,0
ChIJdTjUE-dZwokRKLMbPjzr1b8,103,"Bowery (J,Z)",482.5,0,0
ChIJdTjUE-dZwokRKLMbPjzr1b8,325,Canal St (1),739.5,0,0
ChIJdTjUE-dZwokRKLMbPjzr1b8,168,"Spring St (C,E)",595.7,0,0
ChIJdTjUE-dZwokRKLMbPjzr1b8,231,"Grand St (B,D)",676.7,0,0
ChIJdTjUE-dZwokRKLMbPjzr1b8,619,"Broadway-Lafayette St (B,D,F,M)/Bleecker St (6)",348.4,0,1
ChIJdTjUE-dZwokRKLMbPjzr1b8,232,2 Av (F),642.9,0,0
ChIJdTjUE-dZwokRKLMbPjzr1b8,17,"Prince St (R,W)",79.6,1,1
ChIJdTjUE-dZwokRKLMbPjzr1b8,623,"Canal St (J,N,Q,R,W,Z,6)",504.4,0,0
ChIJdTjUE-dZwokRKLMbPjzr1b8,169,"Canal St (A,C,E)",716.7,0,0
ChIJdTjUE-dZwokRKLMbPjzr1b8,409,Spring St (6),151.2,1,1
ChIJex6ai6pbwokRbh3cz6wKQ0w,413,"Wall St (4,5)",737.9,0,0
ChIJex6ai6pbwokRbh3cz6wKQ0w,329,Rector St (1),660.6,0,0
ChIJex6ai6pbwokRbh3cz6wKQ0w,635,"South Ferry (1)/Whitehall St (R,W)",318.0,0,1
ChIJex6ai6pbwokRbh3cz6wKQ0w,22,"Rector St (R,W)",645.3,0,0
ChIJex6ai6pbwokRbh3cz6wKQ0w,107,"Broad St (J,Z)",683.0,0,0
ChIJex6ai6pbwokRbh3cz6wKQ0w,414,"Bowling Green (4,5)",381.0,0,1
ChIJhWqFh1RYwokR-DHQDzkMAag,10,"49 St (N,R,W)",373.4,0,1
ChIJhWqFh1RYwokR-DHQDzkMAag,316,50 St (1),516.7,0,0
ChIJhWqFh1RYwokR-DHQDzkMAag,162,"50 St (C,E)",488.3,0,0
ChIJhWqFh1RYwokR-DHQDzkMAag,609,"Bryant Pk (B,D,F,M)/5 Av (7)",670.4,0,0
ChIJhWqFh1RYwokR-DHQDzkMAag,277,"7 Av (E,B,D)",738.4,0,0
ChIJhWqFh1RYwokR-DHQDzkMAag,611,"Times Sq-42 St (N,Q,R,W,S,1,2,3,7)/42 St (A,C,E)",156.3,1,1
ChIJhWqFh1RYwokR-DHQDzkMAag,225,"47-50 Sts-Rockefeller Ctr (B,D,F,M)",569.5,0,0
ChIJDzorOvZYwokRW5XN4_UBY8w,316,50 St (1),725.4,0,0
ChIJDzorOvZYwokRW5XN4_UBY8w,162,"50 St (C,E)",714.0,0,0
ChIJDzorOvZYwokRW5XN4_UBY8w,277,"7 Av (E,B,D)",580.5,0,0
ChIJDzorOvZYwokRW5XN4_UBY8w,9,"57 St-7 Av (N,Q,R,W)",393.8,0,1
ChIJDzorOvZYwokRW5XN4_UBY8w,614,"59 St-Columbus Circle (A,B,C,D,1)",27.4,1,1
ChIJDzorOvZYwokRW5XN4_UBY8w,314,66 St-Lincoln Center (1),596.6,0,0
ChIJDzorOvZYwokRW5XN4_UBY8w,224,57 St (F),590.5,0,0
ChIJB4cC_1RYwokRu6mRBD_lqO8,10,"49 St (N,R,W)",275.2,0,1
ChIJB4cC_1RYwokRu6mRBD_lqO8,316,50 St (1),464.2,0,0
ChIJB4cC_1RYwokRu6mRBD_lqO8,162,"50 St (C,E)",505.7,0,0
ChIJB4cC_1RYwokRu6mRBD_lqO8,609,"Bryant Pk (B,D,F,M)/5 Av (7)",519.4,0,0
ChIJB4cC_1RYwokRu6mRBD_lqO8,277,"7 Av (E,B,D)",666.0,0,0
ChIJB4cC_1RYwokRu6mRBD_lqO8,611,"Times Sq-42 St (N,Q,R,W,S,1,2,3,7)/42 St (A,C,E)",101.7,1,1
ChIJB4cC_1RYwokRu6mRBD_lqO8,225,"47-50 Sts-Rockefeller Ctr (B,D,F,M)",408.6,0,0
ChIJEdN5k4lYwokRuNPGGOZUwOQ,159,"81 St-Museum of Natural History (C,B)",761.5,0,0
ChIJEdN5k4lYwokRuNPGGOZUwOQ,313,"72 St (1,2,3)",234.3,1,1
ChIJEdN5k4lYwokRuNPGGOZUwOQ,312,79 St (1),399.6,0,1
ChIJEdN5k4lYwokRuNPGGOZUwOQ,314,66 St-Lincoln Center (1),785.6,0,0
ChIJEdN5k4lYwokRuNPGGOZUwOQ,160,"72 St (C,B)",669.2,0,0
ChIJnSTPzldYwokRyyefzoK7Xao,10,"49 St (N,R,W)",366.1,0,1
ChIJnSTPzldYwokRyyefzoK7Xao,316,50 St (1),171.6,1,1
ChIJnSTPzldYwokRyyefzoK7Xao,162,"50 St (C,E)",146.0,1,1
ChIJnSTPzldYwokRyyefzoK7Xao,277,"7 Av (E,B,D)",247.0,1,1
ChIJnSTPzldYwokRyyefzoK7Xao,611,"Times Sq-42 St (N,Q,R,W,S,1,2,3,7)/42 St (A,C,E)",688.4,0,0
ChIJnSTPzldYwokRyyefzoK7Xao,9,"57 St-7 Av (N,Q,R,W)",366.1,0,1
ChIJnSTPzldYwokRyyefzoK7Xao,225,"47-50 Sts-Rockefeller Ctr (B,D,F,M)",570.2,0,0
ChIJnSTPzldYwokRyyefzoK7Xao,614,"59 St-Columbus Circle (A,B,C,D,1)",615.9,0,0
ChIJnSTPzldYwokRyyefzoK7Xao,224,57 St (F),603.5,0,0
ChIJeWPFRwJZwokRGD60OOo74RU,609,"Bryant Pk (B,D,F,M)/5 Av (7)",641.0,0,0
ChIJeWPFRwJZwokRGD60OOo74RU,610,"Grand Central-42 St (S,4,5,6,7)",114.5,1,1
ChIJ5aLwb5dZwokR4EzyKJoh3mQ,168,"Spring St (C,E)",769.5,0,0
ChIJ5aLwb5dZwokR4EzyKJoh3mQ,324,Houston St (1),562.5,0,0
ChIJR026QqZZwokRgLuHSIZNIKM,14,"23 St (R,W)",350.5,0,1
ChIJR026QqZZwokRgLuHSIZNIKM,607,"34 St-Herald Sq (B,D,F,M,N,Q,R,W)",634.0,0,0
ChIJR026QqZZwokRgLuHSIZNIKM,405,23 St (6),466.4,0,0
ChIJR026QqZZwokRgLuHSIZNIKM,403,33 St (6),492.0,0,0
ChIJR026QqZZwokRgLuHSIZNIKM,228,"23 St (F,M)",486.2,0,0
ChIJR026QqZZwokRgLuHSIZNIKM,319,28 St (1),624.6,0,0
ChIJR026QqZZwokRgLuHSIZNIKM,320,23 St (1),708.3,0,0
ChIJR026QqZZwokRgLuHSIZNIKM,404,28 St (6),273.8,0,1
ChIJR026QqZZwokRgLuHSIZNIKM,13,"28 St (R,W)",203.0,1,1
ChIJR026QqZZwokRgLuHSIZNIKM,318,"34 St-Penn Station (1,2,3)",775.0,0,0
ChIJz0V3b1RYwokRB0ugvJ-VuOI,10,"49 St (N,R,W)",204.4,1,1
ChIJz0V3b1RYwokRB0ugvJ-VuOI,316,50 St (1),10.7,1,1
ChIJz0V3b1RYwokRB0ugvJ-VuOI,162,"50 St (C,E)",207.5,1,1
ChIJz0V3b1RYwokRB0ugvJ-VuOI,277,"7 Av (E,B,D)",217.6,1,1
ChIJz0V3b1RYwokRB0ugvJ-VuOI,611,"Times Sq-42 St (N,Q,R,W,S,1,2,3,7)/42 St (A,C,E)",563.9,0,0
ChIJz0V3b1RYwokRB0ugvJ-VuOI,9,"57 St-7 Av (N,Q,R,W)",417.7,0,0
ChIJz0V3b1RYwokRB0ugvJ-VuOI,225,"47-50 Sts-Rockefeller Ctr (B,D,F,M)",394.4,0,1
ChIJz0V3b1RYwokRB0ugvJ-VuOI,614,"59 St-Columbus Circle (A,B,C,D,1)",750.9,0,0
ChIJz0V3b1RYwokRB0ugvJ-VuOI,224,57 St (F),585.3,0,0
ChIJz0V3b1RYwokRB0ugvJ-VuOI,276,"5 Av/53 St (E,M)",735.8,0,0
ChIJTZoUA1hYwokRKneaNqQpIf8,10,"49 St (N,R,W)",589.5,0,0
ChIJTZoUA1hYwokRKneaNqQpIf8,316,50 St (1),385.1,0,1
ChIJTZoUA1hYwokRKneaNqQpIf8,162,"50 St (C,E)",367.6,0,1
ChIJTZoUA1hYwokRKneaNqQpIf8,277,"7 Av (E,B,D)",302.3,0,1
ChIJTZoUA1hYwokRKneaNqQpIf8,9,"57 St-7 Av (N,Q,R,W)",247.1,1,1
ChIJTZoUA1hYwokRKneaNqQpIf8,225,"47-50 Sts-Rockefeller Ctr (B,D,F,M)",747.6,0,0
ChIJTZoUA1hYwokRKneaNqQpIf8,614,"59 St-Columbus Circle (A,B,C,D,1)",377.2,0,1
ChIJTZoUA1hYwokRKneaNqQpIf8,224,57 St (F),528.0,0,0
ChIJ91iSY1ZYwokRFgKuwZvG12s,10,"49 St (N,R,W)",187.5,1,1
ChIJ91iSY1ZYwokRFgKuwZvG12s,316,50 St (1),166.0,1,1
ChIJ91iSY1ZYwokRFgKuwZvG12s,162,"50 St (C,E)",149.5,1,1
ChIJ91iSY1ZYwokRFgKuwZvG12s,277,"7 Av (E,B,D)",389.6,0,1
ChIJ91iSY1ZYwokRFgKuwZvG12s,611,"Times Sq-42 St (N,Q,R,W,S,1,2,3,7)/42 St (A,C,E)",444.0,0,0
ChIJ91iSY1ZYwokRFgKuwZvG12s,9,"57 St-7 Av (N,Q,R,W)",575.7,0,0
ChIJ91iSY1ZYwokRFgKuwZvG12s,225,"47-50 Sts-Rockefeller Ctr (B,D,F,M)",456.5,0,0
ChIJ91iSY1ZYwokRFgKuwZvG12s,224,57 St (F),760.1,0,0
ChIJEUd4ZVZYwokR9mtgzHTtv1s,10,"49 St (N,R,W)",384.6,0,1
ChIJEUd4ZVZYwokR9mtgzHTtv1s,316,50 St (1),183.3,1,1
ChIJEUd4ZVZYwokR9mtgzHTtv1s,162,"50 St (C,E)",262.8,0,1
ChIJEUd4ZVZYwokR9mtgzHTtv1s,277,"7 Av (E,B,D)",127.1,1,1
ChIJEUd4ZVZYwokR9mtgzHTtv1s,611,"Times Sq-42 St (N,Q,R,W,S,1,2,3,7)/42 St (A,C,E)",743.0,0,0
ChIJEUd4ZVZYwokR9mtgzHTtv1s,9,"57 St-7 Av (N,Q,R,W)",254.8,0,1
ChIJEUd4ZVZYwokR9mtgzHTtv1s,225,"47-50 Sts-Rockefeller Ctr (B,D,F,M)",531.2,0,0
ChIJEUd4ZVZYwokR9mtgzHTtv1s,614,"59 St-Columbus Circle (A,B,C,D,1)",570.7,0,0
ChIJEUd4ZVZYwokR9mtgzHTtv1s,224,57 St (F),478.3,0,0
ChIJEUd4ZVZYwokR9mtgzHTtv1s,276,"5 Av/53 St (E,M)",743.1,0,0
ChIJlx_J861ZwokRnBboWMNuVno,14,"23 St (R,W)",410.0,0,0
ChIJlx_J861ZwokRnBboWMNuVno,405,23 St (6),131.1,1,1
ChIJlx_J861ZwokRnBboWMNuVno,403,33 St (6),786.7,0,0
ChIJlx_J861ZwokRnBboWMNuVno,228,"23 St (F,M)",751.6,0,0
ChIJlx_J861ZwokRnBboWMNuVno,602,"14 St-Union Sq (L,N,Q,R,W,4,5,6)",577.2,0,0
ChIJlx_J861ZwokRnBboWMNuVno,404,28 St (6),414.7,0,0
ChIJlx_J861ZwokRnBboWMNuVno,118,3 Av (L),733.2,0,0
ChIJlx_J861ZwokRnBboWMNuVno,13,"28 St (R,W)",739.4,0,0
ChIJlTWPiFRYwokRF7JuJslWbaw,10,"49 St (N,R,W)",432.1,0,0
ChIJlTWPiFRYwokRF7JuJslWbaw,316,50 St (1),527.5,0,0
ChIJlTWPiFRYwokRF7JuJslWbaw,162,"50 St (C,E)",446.7,0,0
ChIJlTWPiFRYwokRF7JuJslWbaw,277,"7 Av (E,B,D)",752.6,0,0
ChIJlTWPiFRYwokRF7JuJslWbaw,611,"Times Sq-42 St (N,Q,R,W,S,1,2,3,7)/42 St (A,C,E)",293.8,0,1
ChIJlTWPiFRYwokRF7JuJslWbaw,225,"47-50 Sts-Rockefeller Ctr (B,D,F,M)",666.3,0,0
ChIJQ6yZIaFZwokRl0jsn5VBk_M,618,"14 St (A,C,E)/8 Av (L)",452.1,0,0
ChIJQ6yZIaFZwokRl0jsn5VBk_M,321,18 St (1),753.2,0,0
ChIJm17AB5pYwokRWLJ6lEtXKOA,159,"81 St-Museum of Natural History (C,B)",746.9,0,0
ChIJm17AB5pYwokRWLJ6lEtXKOA,398,77 St (6),768.8,0,0
ChIJm17AB5pYwokRWLJ6lEtXKOA,160,"72 St (C,B)",645.4,0,0
ChIJmamBZtVZwokR6phs86DKbP0,325,Canal St (1),334.1,0,1
ChIJmamBZtVZwokR6phs86DKbP0,168,"Spring St (C,E)",143.5,1,1
ChIJmamBZtVZwokR6phs86DKbP0,326,Franklin St (1),729.4,0,0
ChIJmamBZtVZwokR6phs86DKbP0,17,"Prince St (R,W)",663.0,0,0
ChIJmamBZtVZwokR6phs86DKbP0,169,"Canal St (A,C,E)",550.3,0,0
ChIJmamBZtVZwokR6phs86DKbP0,324,Houston St (1),275.7,0,1
ChIJmamBZtVZwokR6phs86DKbP0,409,Spring St (6),791.1,0,0
ChIJEUd4ZVZYwokRV4iyGw46pw0,10,"49 St (N,R,W)",174.0,1,1
ChIJEUd4ZVZYwokRV4iyGw46pw0,316,50 St (1),114.5,1,1
ChIJEUd4ZVZYwokRV4iyGw46pw0,162,"50 St (C,E)",150.0,1,1
ChIJEUd4ZVZYwokRV4iyGw46pw0,277,"7 Av (E,B,D)",338.9,0,1
ChIJEUd4ZVZYwokRV4iyGw46pw0,611,"Times Sq-42 St (N,Q,R,W,S,1,2,3,7)/42 St (A,C,E)",474.7,0,0
ChIJEUd4ZVZYwokRV4iyGw46pw0,9,"57 St-7 Av (N,Q,R,W)",528.6,0,0
ChIJEUd4ZVZYwokRV4iyGw46pw0,225,"47-50 Sts-Rockefeller Ctr (B,D,F,M)",430.5,0,0
ChIJEUd4ZVZYwokRV4iyGw46pw0,224,57 St (F),708.7,0,0
ChIJY7fnXbNZwokRKgpXxu-dZKQ,471,34 St-Hudson Yards (7),117.6,1,1
ChIJY7fnXbNZwokRKgpXxu-dZKQ,164,"34 St-Penn Station (A,C,E)",706.7,0,0
ChIJkzFqiVJYwokRqc4h6tVHx_s,10,"49 St (N,R,W)",336.1,0,1
ChIJkzFqiVJYwokRqc4h6tVHx_s,316,50 St (1),505.1,0,0
ChIJkzFqiVJYwokRqc4h6tVHx_s,162,"50 St (C,E)",510.6,0,0
ChIJkzFqiVJYwokRqc4h6tVHx_s,609,"Bryant Pk (B,D,F,M)/5 Av (7)",585.6,0,0
ChIJkzFqiVJYwokRqc4h6tVHx_s,277,"7 Av (E,B,D)",719.0,0,0
ChIJkzFqiVJYwokRqc4h6tVHx_s,611,"Times Sq-42 St (N,Q,R,W,S,1,2,3,7)/42 St (A,C,E)",80.8,1,1
ChIJkzFqiVJYwokRqc4h6tVHx_s,225,"47-50 Sts-Rockefeller Ctr (B,D,F,M)",500.2,0,0
ChIJlTWPiFRYwokRhdOoYdfeZzY,10,"49 St (N,R,W)",405.2,0,0
ChIJlTWPiFRYwokRhdOoYdfeZzY,316,50 St (1),554.4,0,0
ChIJlTWPiFRYwokRhdOoYdfeZzY,162,"50 St (C,E)",528.2,0,0
ChIJlTWPiFRYwokRhdOoYdfeZzY,609,"Bryant Pk (B,D,F,M)/5 Av (7)",658.0,0,0
ChIJlTWPiFRYwokRhdOoYdfeZzY,277,"7 Av (E,B,D)",775.2,0,0
ChIJlTWPiFRYwokRhdOoYdfeZzY,611,"Times Sq-42 St (N,Q,R,W,S,1,2,3,7)/42 St (A,C,E)",142.1,1,1
ChIJlTWPiFRYwokRhdOoYdfeZzY,225,"47-50 Sts-Rockefeller Ctr (B,D,F,M)",588.7,0,0
ChIJlTWPiFRYwokRhdOoYdfeZzY,164,"34 St-Penn Station (A,C,E)",770.4,0,0
ChIJp8ENSlRYwokRIIpmnGxjieo,10,"49 St (N,R,W)",176.7,1,1
ChIJp8ENSlRYwokRIIpmnGxjieo,316,50 St (1),333.9,0,1
ChIJp8ENSlRYwokRIIpmnGxjieo,162,"50 St (C,E)",359.6,0,1
ChIJp8ENSlRYwokRIIpmnGxjieo,609,"Bryant Pk (B,D,F,M)/5 Av (7)",639.4,0,0
ChIJp8ENSlRYwokRIIpmnGxjieo,277,"7 Av (E,B,D)",549.0,0,0
ChIJp8ENSlRYwokRIIpmnGxjieo,611,"Times Sq-42 St (N,Q,R,W,S,1,2,3,7)/42 St (A,C,E)",230.9,1,1
ChIJp8ENSlRYwokRIIpmnGxjieo,9,"57 St-7 Av (N,Q,R,W)",755.9,0,0
ChIJp8ENSlRYwokRIIpmnGxjieo,225,"47-50 Sts-Rockefeller Ctr (B,D,F,M)",401.3,0,0
ChIJc5zurnxZwokR8vn4ERqrSfc,10,"49 St (N,R,W)",262.6,0,1
ChIJc5zurnxZwokR8vn4ERqrSfc,316,50 St (1),465.9,0,0
ChIJc5zurnxZwokR8vn4ERqrSfc,162,"50 St (C,E)",544.4,0,0
ChIJc5zurnxZwokR8vn4ERqrSfc,609,"Bryant Pk (B,D,F,M)/5 Av (7)",440.0,0,0
ChIJc5zurnxZwokR8vn4ERqrSfc,277,"7 Av (E,B,D)",646.6,0,0
ChIJc5zurnxZwokR8vn4ERqrSfc,611,"Times Sq-42 St (N,Q,R,W,S,1,2,3,7)/42 St (A,C,E)",170.6,1,1
ChIJc5zurnxZwokR8vn4ERqrSfc,225,"47-50 Sts-Rockefeller Ctr (B,D,F,M)",326.9,0,1
ChIJJXfoP65ZwokRPY3oaITdpew,607,"34 St-Herald Sq (B,D,F,M,N,Q,R,W)",469.9,0,0
ChIJJXfoP65ZwokRPY3oaITdpew,165,"23 St (C,E)",645.8,0,0
ChIJJXfoP65ZwokRPY3oaITdpew,319,28 St (1),362.8,0,1
ChIJJXfoP65ZwokRPY3oaITdpew,320,23 St (1),738.4,0,0
ChIJJXfoP65ZwokRPY3oaITdpew,164,"34 St-Penn Station (A,C,E)",201.7,1,1
ChIJJXfoP65ZwokRPY3oaITdpew,13,"28 St (R,W)",677.0,0,0
ChIJJXfoP65ZwokRPY3oaITdpew,318,"34 St-Penn Station (1,2,3)",189.9,1,1
ChIJiR6aeI1YwokRkCNO-e1lQfs,159,"81 St-Museum of Natural History (C,B)",632.2,0,0
ChIJiR6aeI1YwokRkCNO-e1lQfs,160,"72 St (C,B)",390.4,0,1
ChIJxf7bQyxawokRO-rs19qn3fs,234,East Broadway (F),496.6,0,0
ChIJD8YUwhFawokRFu9nJOnNJbU,624,"Chambers St (A,C)/WTC (E)/Park Pl (2,3)/Cortlandt (R,W)",727.2,0,0
ChIJD8YUwhFawokRFu9nJOnNJbU,327,"Chambers St (1,2,3)",637.3,0,0
ChIJD8YUwhFawokRFu9nJOnNJbU,328,WTC Cortlandt (1),624.8,0,0
ChIJ1-edm1hYwokRtqcmk66UT6g,316,50 St (1),756.4,0,0
ChIJ1-edm1hYwokRtqcmk66UT6g,162,"50 St (C,E)",714.5,0,0
ChIJ1-edm1hYwokRtqcmk66UT6g,277,"7 Av (E,B,D)",640.1,0,0
ChIJ1-edm1hYwokRtqcmk66UT6g,9,"57 St-7 Av (N,Q,R,W)",475.4,0,0
ChIJ1-edm1hYwokRtqcmk66UT6g,614,"59 St-Columbus Circle (A,B,C,D,1)",120.1,1,1
ChIJ1-edm1hYwokRtqcmk66UT6g,314,66 St-Lincoln Center (1),554.0,0,0
ChIJ1-edm1hYwokRtqcmk66UT6g,224,57 St (F),695.2,0,0
ChIJX7H83VZYwokRBMCj_899qJU,10,"49 St (N,R,W)",437.1,0,0
ChIJX7H83VZYwokRBMCj_899qJU,316,50 St (1),341.3,0,1
ChIJX7H83VZYwokRBMCj_899qJU,162,"50 St (C,E)",145.1,1,1
ChIJX7H83VZYwokRBMCj_899qJU,277,"7 Av (E,B,D)",506.3,0,0
ChIJX7H83VZYwokRBMCj_899qJU,611,"Times Sq-42 St (N,Q,R,W,S,1,2,3,7)/42 St (A,C,E)",619.0,0,0
ChIJX7H83VZYwokRBMCj_899qJU,9,"57 St-7 Av (N,Q,R,W)",624.0,0,0
ChIJX7H83VZYwokRBMCj_899qJU,225,"47-50 Sts-Rockefeller Ctr (B,D,F,M)",703.2,0,0
ChIJX7H83VZYwokRBMCj_899qJU,614,"59 St-Columbus Circle (A,B,C,D,1)",788.3,0,0
ChIJI45ivSf0wokRMw68yH4_DEo,300,191 St (1),348.3,0,1
ChIJI45ivSf0wokRMw68yH4_DEo,299,Dyckman St (1),753.0,0,0
ChIJWQHW9KZZwokRKLzyBDe6mIc,601,"14 St (F,M,1,2,3)/6 Av (L)",316.1,0,1
ChIJWQHW9KZZwokRKLzyBDe6mIc,14,"23 St (R,W)",455.6,0,0
ChIJWQHW9KZZwokRKLzyBDe6mIc,405,23 St (6),686.4,0,0
ChIJWQHW9KZZwokRKLzyBDe6mIc,618,"14 St (A,C,E)/8 Av (L)",594.5,0,0
ChIJWQHW9KZZwokRKLzyBDe6mIc,165,"23 St (C,E)",649.0,0,0
ChIJWQHW9KZZwokRKLzyBDe6mIc,228,"23 St (F,M)",292.7,0,1
ChIJWQHW9KZZwokRKLzyBDe6mIc,602,"14 St-Union Sq (L,N,Q,R,W,4,5,6)",678.8,0,0
ChIJWQHW9KZZwokRKLzyBDe6mIc,319,28 St (1),737.9,0,0
ChIJWQHW9KZZwokRKLzyBDe6mIc,320,23 St (1),389.7,0,1
ChIJWQHW9KZZwokRKLzyBDe6mIc,13,"28 St (R,W)",737.8,0,0
ChIJWQHW9KZZwokRKLzyBDe6mIc,321,18 St (1),272.1,0,1
ChIJk-utwVVYwokRx--LhLcP2cA,10,"49 St (N,R,W)",124.0,1,1
ChIJk-utwVVYwokRx--LhLcP2cA,316,50 St (1),318.0,0,1
ChIJk-utwVVYwokRx--LhLcP2cA,162,"50 St (C,E)",391.8,0,1
ChIJk-utwVVYwokRx--LhLcP2cA,609,"Bryant Pk (B,D,F,M)/5 Av (7)",580.0,0,0
ChIJk-utwVVYwokRx--LhLcP2cA,277,"7 Av (E,B,D)",514.9,0,0
ChIJk-utwVVYwokRx--LhLcP2cA,611,"Times Sq-42 St (N,Q,R,W,S,1,2,3,7)/42 St (A,C,E)",252.2,0,1
ChIJk-utwVVYwokRx--LhLcP2cA,9,"57 St-7 Av (N,Q,R,W)",728.4,0,0
ChIJk-utwVVYwokRx--LhLcP2cA,225,"47-50 Sts-Rockefeller Ctr (B,D,F,M)",313.3,0,1
ChIJDSXLz_lYwokRqONmt9wNV9s,10,"49 St (N,R,W)",599.1,0,0
ChIJDSXLz_lYwokRqONmt9wNV9s,316,50 St (1),445.9,0,0
ChIJDSXLz_lYwokRqONmt9wNV9s,162,"50 St (C,E)",575.6,0,0
ChIJDSXLz_lYwokRqONmt9wNV9s,277,"7 Av (E,B,D)",220.6,1,1
ChIJDSXLz_lYwokRqONmt9wNV9s,8,"5 Av/59 St (N,R,W)",521.9,0,0
ChIJDSXLz_lYwokRqONmt9wNV9s,9,"57 St-7 Av (N,Q,R,W)",130.2,1,1
ChIJDSXLz_lYwokRqONmt9wNV9s,225,"47-50 Sts-Rockefeller Ctr (B,D,F,M)",608.5,0,0
ChIJDSXLz_lYwokRqONmt9wNV9s,614,"59 St-Columbus Circle (A,B,C,D,1)",520.9,0,0
ChIJDSXLz_lYwokRqONmt9wNV9s,224,57 St (F),167.6,1,1
ChIJDSXLz_lYwokRqONmt9wNV9s,276,"5 Av/53 St (E,M)",549.8,0,0
ChIJMeF2rVVYwokRpUruDmEyjig,10,"49 St (N,R,W)",220.3,1,1
ChIJMeF2rVVYwokRpUruDmEyjig,316,50 St (1),381.1,0,1
ChIJMeF2rVVYwokRpUruDmEyjig,162,"50 St (C,E)",398.0,0,1
ChIJMeF2rVVYwokRpUruDmEyjig,609,"Bryant Pk (B,D,F,M)/5 Av (7)",623.4,0,0
ChIJMeF2rVVYwokRpUruDmEyjig,277,"7 Av (E,B,D)",596.3,0,0
ChIJMeF2rVVYwokRpUruDmEyjig,611,"Times Sq-42 St (N,Q,R,W,S,1,2,3,7)/42 St (A,C,E)",187.0,1,1
ChIJMeF2rVVYwokRpUruDmEyjig,225,"47-50 Sts-Rockefeller Ctr (B,D,F,M)",426.8,0,0
ChIJsy0KRlRYwokR6G7Y-3euStQ,10,"49 St (N,R,W)",221.3,1,1
ChIJsy0KRlRYwokR6G7Y-3euStQ,316,50 St (1),370.3,0,1
ChIJsy0KRlRYwokR6G7Y-3euStQ,162,"50 St (C,E)",376.9,0,1
ChIJsy0KRlRYwokR6G7Y-3euStQ,609,"Bryant Pk (B,D,F,M)/5 Av (7)",649.3,0,0
ChIJsy0KRlRYwokR6G7Y-3euStQ,277,"7 Av (E,B,D)",588.6,0,0
ChIJsy0KRlRYwokR6G7Y-3euStQ,611,"Times Sq-42 St (N,Q,R,W,S,1,2,3,7)/42 St (A,C,E)",206.5,1,1
ChIJsy0KRlRYwokR6G7Y-3euStQ,9,"57 St-7 Av (N,Q,R,W)",793.2,0,0
ChIJsy0KRlRYwokR6G7Y-3euStQ,225,"47-50 Sts-Rockefeller Ctr (B,D,F,M)",441.4,0,0
ChIJ62VOeIZYwokRQwpWIK3w4aU,159,"81 St-Museum of Natural History (C,B)",656.8,0,0
ChIJ62VOeIZYwokRQwpWIK3w4aU,158,"86 St (C,B)",704.1,0,0
ChIJ62VOeIZYwokRQwpWIK3w4aU,312,79 St (1),309.6,0,1
ChIJ62VOeIZYwokRQwpWIK3w4aU,311,86 St (1),320.3,0,1
ChIJezRjt1RYwokR6q0tL1pVfHU,10,"49 St (N,R,W)",430.3,0,0
ChIJezRjt1RYwokR6q0tL1pVfHU,316,50 St (1),609.5,0,0
ChIJezRjt1RYwokR6q0tL1pVfHU,162,"50 St (C,E)",619.5,0,0
ChIJezRjt1RYwokR6q0tL1pVfHU,609,"Bryant Pk (B,D,F,M)/5 Av (7)",539.6,0,0
ChIJezRjt1RYwokR6q0tL1pVfHU,611,"Times Sq-42 St (N,Q,R,W,S,1,2,3,7)/42 St (A,C,E)",58.2,1,1
ChIJezRjt1RYwokR6q0tL1pVfHU,225,"47-50 Sts-Rockefeller Ctr (B,D,F,M)",554.1,0,0
ChIJezRjt1RYwokR6q0tL1pVfHU,164,"34 St-Penn Station (A,C,E)",720.1,0,0
ChIJezRjt1RYwokR6q0tL1pVfHU,318,"34 St-Penn Station (1,2,3)",795.3,0,0
ChIJsT8qSaJYwokR-m20OGJUKCA,397,"86 St (4,5,6)",578.4,0,0
ChIJsT8qSaJYwokR-m20OGJUKCA,396,96 St (6),590.0,0,0
ChIJJfoZJVRYwokRRkqiNbYBY3I,10,"49 St (N,R,W)",232.5,1,1
ChIJJfoZJVRYwokRRkqiNbYBY3I,316,50 St (1),324.9,0,1
ChIJJfoZJVRYwokRRkqiNbYBY3I,162,"50 St (C,E)",290.4,0,1
ChIJJfoZJVRYwokRRkqiNbYBY3I,609,"Bryant Pk (B,D,F,M)/5 Av (7)",744.9,0,0
ChIJJfoZJVRYwokRRkqiNbYBY3I,277,"7 Av (E,B,D)",549.9,0,0
ChIJJfoZJVRYwokRRkqiNbYBY3I,611,"Times Sq-42 St (N,Q,R,W,S,1,2,3,7)/42 St (A,C,E)",297.9,0,1
ChIJJfoZJVRYwokRRkqiNbYBY3I,9,"57 St-7 Av (N,Q,R,W)",743.3,0,0
ChIJJfoZJVRYwokRRkqiNbYBY3I,225,"47-50 Sts-Rockefeller Ctr (B,D,F,M)",490.0,0,0
ChIJv2zhJFVYwokRUvyHqbRD11Y,10,"49 St (N,R,W)",452.9,0,0
ChIJv2zhJFVYwokRUvyHqbRD11Y,607,"34 St-Herald Sq (B,D,F,M,N,Q,R,W)",727.2,0,0
ChIJv2zhJFVYwokRUvyHqbRD11Y,316,50 St (1),657.4,0,0
ChIJv2zhJFVYwokRUvyHqbRD11Y,162,"50 St (C,E)",738.2,0,0
ChIJv2zhJFVYwokRUvyHqbRD11Y,609,"Bryant Pk (B,D,F,M)/5 Av (7)",286.0,0,1
ChIJv2zhJFVYwokRUvyHqbRD11Y,611,"Times Sq-42 St (N,Q,R,W,S,1,2,3,7)/42 St (A,C,E)",230.3,1,1
ChIJv2zhJFVYwokRUvyHqbRD11Y,225,"47-50 Sts-Rockefeller Ctr (B,D,F,M)",432.5,0,0
ChIJ58DNYVRYwokRUvOU0Ih8tfQ,10,"49 St (N,R,W)",347.2,0,1
ChIJ58DNYVRYwokRUvOU0Ih8tfQ,316,50 St (1),504.9,0,0
ChIJ58DNYVRYwokRUvOU0Ih8tfQ,162,"50 St (C,E)",495.6,0,0
ChIJ58DNYVRYwokRUvOU0Ih8tfQ,609,"Bryant Pk (B,D,F,M)/5 Av (7)",624.0,0,0
ChIJ58DNYVRYwokRUvOU0Ih8tfQ,277,"7 Av (E,B,D)",722.9,0,0
ChIJ58DNYVRYwokRUvOU0Ih8tfQ,611,"Times Sq-42 St (N,Q,R,W,S,1,2,3,7)/42 St (A,C,E)",114.0,1,1
ChIJ58DNYVRYwokRUvOU0Ih8tfQ,225,"47-50 Sts-Rockefeller Ctr (B,D,F,M)",528.1,0,0
ChIJ-fxpf1ZYwokRsi-arkxnJJk,10,"49 St (N,R,W)",157.9,1,1
ChIJ-fxpf1ZYwokRsi-arkxnJJk,316,50 St (1),189.3,1,1
ChIJ-fxpf1ZYwokRsi-arkxnJJk,162,"50 St (C,E)",194.3,1,1
ChIJ-fxpf1ZYwokRsi-arkxnJJk,609,"Bryant Pk (B,D,F,M)/5 Av (7)",777.2,0,0
ChIJ-fxpf1ZYwokRsi-arkxnJJk,277,"7 Av (E,B,D)",414.5,0,0
ChIJ-fxpf1ZYwokRsi-arkxnJJk,611,"Times Sq-42 St (N,Q,R,W,S,1,2,3,7)/42 St (A,C,E)",399.8,0,1
ChIJ-fxpf1ZYwokRsi-arkxnJJk,9,"57 St-7 Av (N,Q,R,W)",608.1,0,0
ChIJ-fxpf1ZYwokRsi-arkxnJJk,225,"47-50 Sts-Rockefeller Ctr (B,D,F,M)",431.2,0,0
ChIJ-fxpf1ZYwokRsi-arkxnJJk,224,57 St (F),780.7,0,0
ChIJEUd4ZVZYwokRoTM467I0ZR8,10,"49 St (N,R,W)",381.9,0,1
ChIJEUd4ZVZYwokRoTM467I0ZR8,316,50 St (1),181.7,1,1
ChIJEUd4ZVZYwokRoTM467I0ZR8,162,"50 St (C,E)",176.7,1,1
ChIJEUd4ZVZYwokRoTM467I0ZR8,277,"7 Av (E,B,D)",225.1,1,1
ChIJEUd4ZVZYwokRoTM467I0ZR8,611,"Times Sq-42 St (N,Q,R,W,S,1,2,3,7)/42 St (A,C,E)",712.6,0,0
ChIJEUd4ZVZYwokRoTM467I0ZR8,9,"57 St-7 Av (N,Q,R,W)",335.6,0,1
ChIJEUd4ZVZYwokRoTM467I0ZR8,225,"47-50 Sts-Rockefeller Ctr (B,D,F,M)",574.1,0,0
ChIJEUd4ZVZYwokRoTM467I0ZR8,614,"59 St-Columbus Circle (A,B,C,D,1)",590.5,0,0
ChIJEUd4ZVZYwokRoTM467I0ZR8,224,57 St (F),575.9,0,0
ChIJMzK4QlRYwokRQ_vHisHrxsg,10,"49 St (N,R,W)",290.8,0,1
ChIJMzK4QlRYwokRQ_vHisHrxsg,316,50 St (1),425.2,0,0
ChIJMzK4QlRYwokRQ_vHisHrxsg,162,"50 St (C,E)",402.7,0,0
ChIJMzK4QlRYwokRQ_vHisHrxsg,609,"Bryant Pk (B,D,F,M)/5 Av (7)",681.8,0,0
ChIJMzK4QlRYwokRQ_vHisHrxsg,277,"7 Av (E,B,D)",647.5,0,0
ChIJMzK4QlRYwokRQ_vHisHrxsg,611,"Times Sq-42 St (N,Q,R,W,S,1,2,3,7)/42 St (A,C,E)",196.4,1,1
ChIJMzK4QlRYwokRQ_vHisHrxsg,225,"47-50 Sts-Rockefeller Ctr (B,D,F,M)",510.6,0,0
ChIJ0zHAy2_2wokROHSUG_3UnEw,153,"125 St (A,C,B,D)",769.5,0,0
ChIJ0zHAy2_2wokROHSUG_3UnEw,152,"135 St (C,B)",103.8,1,1
ChIJ0zHAy2_2wokROHSUG_3UnEw,305,137 St-City College (1),653.0,0,0
ChIJ0zHAy2_2wokROHSUG_3UnEw,438,"135 St (2,3)",762.0,0,0
ChIJd1GHP5j2wokRj6Z5FjdVLvs,147,175 St (A),589.6,0,0
ChIJd1GHP5j2wokRj6Z5FjdVLvs,146,181 St (A),620.1,0,0
ChIJUSBl7RhawokR1uWCCvWriXQ,413,"Wall St (4,5)",617.1,0,0
ChIJUSBl7RhawokR1uWCCvWriXQ,329,Rector St (1),713.6,0,0
ChIJUSBl7RhawokR1uWCCvWriXQ,622,"Brooklyn Bridge-City Hall (4,5,6)/Chambers St (J,Z)",421.0,0,0
ChIJUSBl7RhawokR1uWCCvWriXQ,326,Franklin St (1),776.0,0,0
ChIJUSBl7RhawokR1uWCCvWriXQ,624,"Chambers St (A,C)/WTC (E)/Park Pl (2,3)/Cortlandt (R,W)",174.8,1,1
ChIJUSBl7RhawokR1uWCCvWriXQ,327,"Chambers St (1,2,3)",347.5,0,1
ChIJUSBl7RhawokR1uWCCvWriXQ,333,"Wall St (2,3)",627.0,0,0
ChIJUSBl7RhawokR1uWCCvWriXQ,22,"Rector St (R,W)",715.7,0,0
ChIJUSBl7RhawokR1uWCCvWriXQ,20,"City Hall (R,W)",149.8,1,1
ChIJUSBl7RhawokR1uWCCvWriXQ,107,"Broad St (J,Z)",700.3,0,0
ChIJUSBl7RhawokR1uWCCvWriXQ,628,"Fulton St (A,C,J,Z,2,3,4,5)",269.5,0,1
ChIJUSBl7RhawokR1uWCCvWriXQ,328,WTC Cortlandt (1),330.0,0,1
ChIJtehhClVYwokRjEHM1kjDj2M,10,"49 St (N,R,W)",242.6,1,1
ChIJtehhClVYwokRjEHM1kjDj2M,316,50 St (1),447.0,0,0
ChIJtehhClVYwokRjEHM1kjDj2M,162,"50 St (C,E)",535.9,0,0
ChIJtehhClVYwokRjEHM1kjDj2M,609,"Bryant Pk (B,D,F,M)/5 Av (7)",438.6,0,0
ChIJtehhClVYwokRjEHM1kjDj2M,277,"7 Av (E,B,D)",621.7,0,0
ChIJtehhClVYwokRjEHM1kjDj2M,611,"Times Sq-42 St (N,Q,R,W,S,1,2,3,7)/42 St (A,C,E)",202.1,1,1
ChIJtehhClVYwokRjEHM1kjDj2M,225,"47-50 Sts-Rockefeller Ctr (B,D,F,M)",295.0,0,1
ChIJVYkiLoVbwokRhEtqFyw_XIo,413,"Wall St (4,5)",341.7,0,1
ChIJVYkiLoVbwokRhEtqFyw_XIo,329,Rector St (1),426.0,0,0
ChIJVYkiLoVbwokRhEtqFyw_XIo,622,"Brooklyn Bridge-City Hall (4,5,6)/Chambers St (J,Z)",673.6,0,0
ChIJVYkiLoVbwokRhEtqFyw_XIo,624,"Chambers St (A,C)/WTC (E)/Park Pl (2,3)/Cortlandt (R,W)",422.2,0,0
ChIJVYkiLoVbwokRhEtqFyw_XIo,327,"Chambers St (1,2,3)",567.0,0,0
ChIJVYkiLoVbwokRhEtqFyw_XIo,333,"Wall St (2,3)",425.8,0,0
ChIJVYkiLoVbwokRhEtqFyw_XIo,22,"Rector St (R,W)",429.8,0,0
ChIJVYkiLoVbwokRhEtqFyw_XIo,20,"City Hall (R,W)",436.1,0,0
ChIJVYkiLoVbwokRhEtqFyw_XIo,107,"Broad St (J,Z)",446.9,0,0
ChIJVYkiLoVbwokRhEtqFyw_XIo,628,"Fulton St (A,C,J,Z,2,3,4,5)",327.2,0,1
ChIJVYkiLoVbwokRhEtqFyw_XIo,414,"Bowling Green (4,5)",694.0,0,0
ChIJVYkiLoVbwokRhEtqFyw_XIo,328,WTC Cortlandt (1),202.0,1,1
ChIJE_d8UqtZwokRMvi5sxjBjSE,10,"49 St (N,R,W)",601.0,0,0
ChIJE_d8UqtZwokRMvi5sxjBjSE,607,"34 St-Herald Sq (B,D,F,M,N,Q,R,W)",644.5,0,0
ChIJE_d8UqtZwokRMvi5sxjBjSE,316,50 St (1),786.6,0,0
ChIJE_d8UqtZwokRMvi5sxjBjSE,162,"50 St (C,E)",797.3,0,0
ChIJE_d8UqtZwokRMvi5sxjBjSE,609,"Bryant Pk (B,D,F,M)/5 Av (7)",524.0,0,0
ChIJE_d8UqtZwokRMvi5sxjBjSE,611,"Times Sq-42 St (N,Q,R,W,S,1,2,3,7)/42 St (A,C,E)",226.4,1,1
ChIJE_d8UqtZwokRMvi5sxjBjSE,225,"47-50 Sts-Rockefeller Ctr (B,D,F,M)",683.2,0,0
ChIJE_d8UqtZwokRMvi5sxjBjSE,164,"34 St-Penn Station (A,C,E)",559.0,0,0
ChIJE_d8UqtZwokRMvi5sxjBjSE,318,"34 St-Penn Station (1,2,3)",616.1,0,0
ChIJQ1RTt49ZwokRgYgqG6DdK2w,167,"W 4 St-Wash Sq (A,C,E,B,D,F,M)",768.1,0,0
ChIJQ1RTt49ZwokRgYgqG6DdK2w,103,"Bowery (J,Z)",683.3,0,0
ChIJQ1RTt49ZwokRgYgqG6DdK2w,168,"Spring St (C,E)",554.9,0,0
ChIJQ1RTt49ZwokRgYgqG6DdK2w,619,"Broadway-Lafayette St (B,D,F,M)/Bleecker St (6)",206.8,1,1
ChIJQ1RTt49ZwokRgYgqG6DdK2w,232,2 Av (F),669.9,0,0
ChIJQ1RTt49ZwokRgYgqG6DdK2w,407,Astor Pl (6),690.4,0,0
ChIJQ1RTt49ZwokRgYgqG6DdK2w,16,"8 St-NYU (R,W)",622.9,0,0
ChIJQ1RTt49ZwokRgYgqG6DdK2w,17,"Prince St (R,W)",181.0,1,1
ChIJQ1RTt49ZwokRgYgqG6DdK2w,623,"Canal St (J,N,Q,R,W,Z,6)",753.0,0,0
ChIJQ1RTt49ZwokRgYgqG6DdK2w,324,Houston St (1),737.8,0,0
ChIJQ1RTt49ZwokRgYgqG6DdK2w,409,Spring St (6),401.1,0,0
ChIJEaNa-g1awokRT3ZdL-sMbA0,413,"Wall St (4,5)",634.1,0,0
ChIJEaNa-g1awokRT3ZdL-sMbA0,329,Rector St (1),486.4,0,0
ChIJEaNa-g1awokRT3ZdL-sMbA0,635,"South Ferry (1)/Whitehall St (R,W)",544.9,0,0
ChIJEaNa-g1awokRT3ZdL-sMbA0,22,"Rector St (R,W)",504.9,0,0
ChIJEaNa-g1awokRT3ZdL-sMbA0,107,"Broad St (J,Z)",662.9,0,0
ChIJEaNa-g1awokRT3ZdL-sMbA0,414,"Bowling Green (4,5)",399.0,0,1
ChIJ-wHkrBlawokRjCiym7MbolM,413,"Wall St (4,5)",476.1,0,0
ChIJ-wHkrBlawokRjCiym7MbolM,329,Rector St (1),575.4,0,0
ChIJ-wHkrBlawokRjCiym7MbolM,622,"Brooklyn Bridge-City Hall (4,5,6)/Chambers St (J,Z)",525.6,0,0
ChIJ-wHkrBlawokRjCiym7MbolM,624,"Chambers St (A,C)/WTC (E)/Park Pl (2,3)/Cortlandt (R,W)",298.4,0,1
ChIJ-wHkrBlawokRjCiym7MbolM,327,"Chambers St (1,2,3)",461.4,0,0
ChIJ-wHkrBlawokRjCiym7MbolM,333,"Wall St (2,3)",501.3,0,0
ChIJ-wHkrBlawokRjCiym7MbolM,22,"Rector St (R,W)",575.7,0,0
ChIJ-wHkrBlawokRjCiym7MbolM,20,"City Hall (R,W)",286.0,0,1
ChIJ-wHkrBlawokRjCiym7MbolM,107,"Broad St (J,Z)",562.3,0,0
ChIJ-wHkrBlawokRjCiym7MbolM,628,"Fulton St (A,C,J,Z,2,3,4,5)",234.7,1,1
ChIJ-wHkrBlawokRjCiym7MbolM,328,WTC Cortlandt (1),259.6,0,1
ChIJBQrKATBZwokR5PiaVeIM8u4,10,"49 St (N,R,W)",712.9,0,0
ChIJBQrKATBZwokR5PiaVeIM8u4,607,"34 St-Herald Sq (B,D,F,M,N,Q,R,W)",552.1,0,0
ChIJBQrKATBZwokR5PiaVeIM8u4,609,"Bryant Pk (B,D,F,M)/5 Av (7)",134.6,1,1
ChIJBQrKATBZwokR5PiaVeIM8u4,610,"Grand Central-42 St (S,4,5,6,7)",599.2,0,0
ChIJBQrKATBZwokR5PiaVeIM8u4,611,"Times Sq-42 St (N,Q,R,W,S,1,2,3,7)/42 St (A,C,E)",503.6,0,0
ChIJBQrKATBZwokR5PiaVeIM8u4,225,"47-50 Sts-Rockefeller Ctr (B,D,F,M)",604.5,0,0
ChIJBQrKATBZwokR5PiaVeIM8u4,318,"34 St-Penn Station (1,2,3)",719.3,0,0
ChIJd7iQrJBYwokROrpPbxeQsUc,159,"81 St-Museum of Natural History (C,B)",483.0,0,0
ChIJd7iQrJBYwokROrpPbxeQsUc,158,"86 St (C,B)",510.1,0,0
ChIJiWtLIFZYwokRGiU3LaSBgMc,10,"49 St (N,R,W)",303.0,0,1
ChIJiWtLIFZYwokRGiU3LaSBgMc,316,50 St (1),452.5,0,0
ChIJiWtLIFZYwokRGiU3LaSBgMc,162,"50 St (C,E)",441.5,0,0
ChIJiWtLIFZYwokRGiU3LaSBgMc,609,"Bryant Pk (B,D,F,M)/5 Av (7)",646.1,0,0
ChIJiWtLIFZYwokRGiU3LaSBgMc,277,"7 Av (E,B,D)",672.1,0,0
ChIJiWtLIFZYwokRGiU3LaSBgMc,611,"Times Sq-42 St (N,Q,R,W,S,1,2,3,7)/42 St (A,C,E)",154.3,1,1
ChIJiWtLIFZYwokRGiU3LaSBgMc,225,"47-50 Sts-Rockefeller Ctr (B,D,F,M)",503.8,0,0
ChIJYV33VZpZwokRRxMtftbR_Lg,167,"W 4 St-Wash Sq (A,C,E,B,D,F,M)",774.4,0,0
ChIJYV33VZpZwokRRxMtftbR_Lg,619,"Broadway-Lafayette St (B,D,F,M)/Bleecker St (6)",436.0,0,0
ChIJYV33VZpZwokRRxMtftbR_Lg,602,"14 St-Union Sq (L,N,Q,R,W,4,5,6)",734.0,0,0
ChIJYV33VZpZwokRRxMtftbR_Lg,232,2 Av (F),685.9,0,0
ChIJYV33VZpZwokRRxMtftbR_Lg,407,Astor Pl (6),125.8,1,1
ChIJYV33VZpZwokRRxMtftbR_Lg,16,"8 St-NYU (R,W)",117.1,1,1
ChIJYV33VZpZwokRRxMtftbR_Lg,17,"Prince St (R,W)",722.6,0,0
ChIJYV33VZpZwokRRxMtftbR_Lg,118,3 Av (L),645.9,0,0
ChIJhZJ3Yq5ZwokRop0t2AA2eWk,609,"Bryant Pk (B,D,F,M)/5 Av (7)",473.5,0,0
ChIJhZJ3Yq5ZwokRop0t2AA2eWk,610,"Grand Central-42 St (S,4,5,6,7)",193.6,1,1
ChIJhZJ3Yq5ZwokRop0t2AA2eWk,612,"Lexington Av-53 St (E,M)/51 St (6)",782.9,0,0
ChIJhZJ3Yq5ZwokRop0t2AA2eWk,225,"47-50 Sts-Rockefeller Ctr (B,D,F,M)",690.0,0,0
ChIJhZJ3Yq5ZwokRop0t2AA2eWk,276,"5 Av/53 St (E,M)",750.3,0,0
ChIJw7GUS-5ZwokRmhit4hpZT74,10,"49 St (N,R,W)",251.3,0,1
ChIJw7GUS-5ZwokRmhit4hpZT74,316,50 St (1),455.7,0,0
ChIJw7GUS-5ZwokRmhit4hpZT74,162,"50 St (C,E)",552.6,0,0
ChIJw7GUS-5ZwokRmhit4hpZT74,609,"Bryant Pk (B,D,F,M)/5 Av (7)",418.1,0,0
ChIJw7GUS-5ZwokRmhit4hpZT74,277,"7 Av (E,B,D)",623.3,0,0
ChIJw7GUS-5ZwokRmhit4hpZT74,611,"Times Sq-42 St (N,Q,R,W,S,1,2,3,7)/42 St (A,C,E)",222.3,1,1
ChIJw7GUS-5ZwokRmhit4hpZT74,225,"47-50 Sts-Rockefeller Ctr (B,D,F,M)",277.5,0,1
ChIJy_q2gZ5ZwokRrG27bv1NgtU,602,"14 St-Union Sq (L,N,Q,R,W,4,5,6)",615.5,0,0
ChIJy_q2gZ5ZwokRrG27bv1NgtU,407,Astor Pl (6),421.5,0,0
ChIJy_q2gZ5ZwokRrG27bv1NgtU,119,1 Av (L),386.1,0,1
ChIJy_q2gZ5ZwokRrG27bv1NgtU,16,"8 St-NYU (R,W)",545.3,0,0
ChIJy_q2gZ5ZwokRrG27bv1NgtU,118,3 Av (L),210.8,1,1
ChIJ91iSY1ZYwokRkmZbrRhJVr8,10,"49 St (N,R,W)",158.8,1,1
ChIJ91iSY1ZYwokRkmZbrRhJVr8,316,50 St (1),222.6,1,1
ChIJ91iSY1ZYwokRkmZbrRhJVr8,162,"50 St (C,E)",223.6,1,1
ChIJ91iSY1ZYwokRkmZbrRhJVr8,609,"Bryant Pk (B,D,F,M)/5 Av (7)",755.6,0,0
ChIJ91iSY1ZYwokRkmZbrRhJVr8,277,"7 Av (E,B,D)",447.4,0,0
ChIJ91iSY1ZYwokRkmZbrRhJVr8,611,"Times Sq-42 St (N,Q,R,W,S,1,2,3,7)/42 St (A,C,E)",365.3,0,1
ChIJ91iSY1ZYwokRkmZbrRhJVr8,9,"57 St-7 Av (N,Q,R,W)",643.0,0,0
ChIJ91iSY1ZYwokRkmZbrRhJVr8,225,"47-50 Sts-Rockefeller Ctr (B,D,F,M)",431.7,0,0
ChIJv2zhJFVYwokRaeXVxr3-X0U,10,"49 St (N,R,W)",363.2,0,1
ChIJv2zhJFVYwokRaeXVxr3-X0U,316,50 St (1),565.7,0,0
ChIJv2zhJFVYwokRaeXVxr3-X0U,162,"50 St (C,E)",670.4,0,0
ChIJv2zhJFVYwokRaeXVxr3-X0U,609,"Bryant Pk (B,D,F,M)/5 Av (7)",300.7,0,1
ChIJv2zhJFVYwokRaeXVxr3-X0U,277,"7 Av (E,B,D)",717.6,0,0
ChIJv2zhJFVYwokRaeXVxr3-X0U,611,"Times Sq-42 St (N,Q,R,W,S,1,2,3,7)/42 St (A,C,E)",265.2,0,1
ChIJv2zhJFVYwokRaeXVxr3-X0U,225,"47-50 Sts-Rockefeller Ctr (B,D,F,M)",311.5,0,1
ChIJGaiaEONYwokR68EFhU8zSNc,613,"Lexington Av (N,R,W)/59 St (4,5,6)",732.0,0,0
ChIJGaiaEONYwokR68EFhU8zSNc,TRAM1,RI Tramway (Manhattan),712.3,0,0
ChIJGaiaEONYwokR68EFhU8zSNc,612,"Lexington Av-53 St (E,M)/51 St (6)",145.3,1,1
ChIJGaiaEONYwokR68EFhU8zSNc,276,"5 Av/53 St (E,M)",664.3,0,0
ChIJDRoxaY9ZwokR-cBKepLVl20,103,"Bowery (J,Z)",395.9,0,1
ChIJDRoxaY9ZwokR-cBKepLVl20,168,"Spring St (C,E)",756.4,0,0
ChIJDRoxaY9ZwokR-cBKepLVl20,231,"Grand St (B,D)",615.0,0,0
ChIJDRoxaY9ZwokR-cBKepLVl20,619,"Broadway-Lafayette St (B,D,F,M)/Bleecker St (6)",256.9,0,1
ChIJDRoxaY9ZwokR-cBKepLVl20,232,2 Av (F),463.9,0,0
ChIJDRoxaY9ZwokR-cBKepLVl20,16,"8 St-NYU (R,W)",779.6,0,0
ChIJDRoxaY9ZwokR-cBKepLVl20,17,"Prince St (R,W)",205.4,1,1
ChIJDRoxaY9ZwokR-cBKepLVl20,623,"Canal St (J,N,Q,R,W,Z,6)",604.3,0,0
ChIJDRoxaY9ZwokR-cBKepLVl20,409,Spring St (6),207.6,1,1
ChIJrYQRAcdbwokRv5M_GCGiQUY,413,"Wall St (4,5)",254.7,0,1
ChIJrYQRAcdbwokRv5M_GCGiQUY,329,Rector St (1),417.3,0,0
ChIJrYQRAcdbwokRv5M_GCGiQUY,635,"South Ferry (1)/Whitehall St (R,W)",633.5,0,0
ChIJrYQRAcdbwokRv5M_GCGiQUY,622,"Brooklyn Bridge-City Hall (4,5,6)/Chambers St (J,Z)",758.2,0,0
ChIJrYQRAcdbwokRv5M_GCGiQUY,624,"Chambers St (A,C)/WTC (E)/Park Pl (2,3)/Cortlandt (R,W)",692.4,0,0
ChIJrYQRAcdbwokRv5M_GCGiQUY,333,"Wall St (2,3)",106.5,1,1
ChIJrYQRAcdbwokRv5M_GCGiQUY,22,"Rector St (R,W)",383.2,0,1
ChIJrYQRAcdbwokRv5M_GCGiQUY,20,"City Hall (R,W)",634.3,0,0
ChIJrYQRAcdbwokRv5M_GCGiQUY,107,"Broad St (J,Z)",234.4,1,1
ChIJrYQRAcdbwokRv5M_GCGiQUY,628,"Fulton St (A,C,J,Z,2,3,4,5)",339.5,0,1
ChIJrYQRAcdbwokRv5M_GCGiQUY,414,"Bowling Green (4,5)",548.0,0,0
ChIJrYQRAcdbwokRv5M_GCGiQUY,328,WTC Cortlandt (1),533.5,0,0
ChIJW8Q_N5_2wokREfZXoLWHIEA,605,"168 St (A,C,1)",649.2,0,0
ChIJW8Q_N5_2wokREfZXoLWHIEA,147,175 St (A),188.5,1,1
ChIJW8Q_N5_2wokREfZXoLWHIEA,301,181 St (1),750.8,0,0
ChIJW8Q_N5_2wokREfZXoLWHIEA,146,181 St (A),662.6,0,0
ChIJVUGHS1ZYwokRx39CH6zNL5M,10,"49 St (N,R,W)",282.4,0,1
ChIJVUGHS1ZYwokRx39CH6zNL5M,316,50 St (1),82.9,1,1
ChIJVUGHS1ZYwokRx39CH6zNL5M,162,"50 St (C,E)",155.9,1,1
ChIJVUGHS1ZYwokRx39CH6zNL5M,277,"7 Av (E,B,D)",215.6,1,1
ChIJVUGHS1ZYwokRx39CH6zNL5M,611,"Times Sq-42 St (N,Q,R,W,S,1,2,3,7)/42 St (A,C,E)",622.4,0,0
ChIJVUGHS1ZYwokRx39CH6zNL5M,9,"57 St-7 Av (N,Q,R,W)",383.1,0,1
ChIJVUGHS1ZYwokRx39CH6zNL5M,225,"47-50 Sts-Rockefeller Ctr (B,D,F,M)",481.8,0,0
ChIJVUGHS1ZYwokRx39CH6zNL5M,614,"59 St-Columbus Circle (A,B,C,D,1)",681.6,0,0
ChIJVUGHS1ZYwokRx39CH6zNL5M,224,57 St (F),588.2,0,0
ChIJVUGHS1ZYwokRx39CH6zNL5M,276,"5 Av/53 St (E,M)",791.4,0,0
ChIJQ1pGK7dZwokRfVM1hZ1QmU4,165,"23 St (C,E)",532.7,0,0
ChIJQ1pGK7dZwokRfVM1hZ1QmU4,319,28 St (1),731.9,0,0
ChIJQ1pGK7dZwokRfVM1hZ1QmU4,471,34 St-Hudson Yards (7),650.3,0,0
ChIJQ1pGK7dZwokRfVM1hZ1QmU4,164,"34 St-Penn Station (A,C,E)",702.8,0,0
ChIJZaQT5aVZwokRffG4eQn-mrA,159,"81 St-Museum of Natural History (C,B)",797.9,0,0
ChIJZaQT5aVZwokRffG4eQn-mrA,160,"72 St (C,B)",486.4,0,0
ChIJTeuJWlJYwokR4HpCvsWtDck,10,"49 St (N,R,W)",708.4,0,0
ChIJTeuJWlJYwokR4HpCvsWtDck,316,50 St (1),769.1,0,0
ChIJTeuJWlJYwokR4HpCvsWtDck,162,"50 St (C,E)",636.7,0,0
ChIJTeuJWlJYwokR4HpCvsWtDck,611,"Times Sq-42 St (N,Q,R,W,S,1,2,3,7)/42 St (A,C,E)",540.2,0,0
ChIJZ3oXOVZYwokRNnAXaDRKAzg,10,"49 St (N,R,W)",248.5,1,1
ChIJZ3oXOVZYwokRNnAXaDRKAzg,316,50 St (1),108.0,1,1
ChIJZ3oXOVZYwokRNnAXaDRKAzg,162,"50 St (C,E)",90.8,1,1
ChIJZ3oXOVZYwokRNnAXaDRKAzg,277,"7 Av (E,B,D)",304.1,0,1
ChIJZ3oXOVZYwokRNnAXaDRKAzg,611,"Times Sq-42 St (N,Q,R,W,S,1,2,3,7)/42 St (A,C,E)",552.3,0,0
ChIJZ3oXOVZYwokRNnAXaDRKAzg,9,"57 St-7 Av (N,Q,R,W)",473.7,0,0
ChIJZ3oXOVZYwokRNnAXaDRKAzg,225,"47-50 Sts-Rockefeller Ctr (B,D,F,M)",488.6,0,0
ChIJZ3oXOVZYwokRNnAXaDRKAzg,614,"59 St-Columbus Circle (A,B,C,D,1)",752.0,0,0
ChIJZ3oXOVZYwokRNnAXaDRKAzg,224,57 St (F),677.6,0,0
ChIJ-2tIv1VYwokRO4ySA2GC9is,10,"49 St (N,R,W)",118.6,1,1
ChIJ-2tIv1VYwokRO4ySA2GC9is,316,50 St (1),321.7,0,1
ChIJ-2tIv1VYwokRO4ySA2GC9is,162,"50 St (C,E)",434.4,0,0
ChIJ-2tIv1VYwokRO4ySA2GC9is,609,"Bryant Pk (B,D,F,M)/5 Av (7)",534.2,0,0
ChIJ-2tIv1VYwokRO4ySA2GC9is,277,"7 Av (E,B,D)",491.5,0,0
ChIJ-2tIv1VYwokRO4ySA2GC9is,611,"Times Sq-42 St (N,Q,R,W,S,1,2,3,7)/42 St (A,C,E)",299.8,0,1
ChIJ-2tIv1VYwokRO4ySA2GC9is,9,"57 St-7 Av (N,Q,R,W)",707.9,0,0
ChIJ-2tIv1VYwokRO4ySA2GC9is,225,"47-50 Sts-Rockefeller Ctr (B,D,F,M)",229.3,1,1
ChIJ-2tIv1VYwokRO4ySA2GC9is,224,57 St (F),796.6,0,0
ChIJ-2tIv1VYwokRO4ySA2GC9is,276,"5 Av/53 St (E,M)",756.8,0,0
ChIJ35PIDbVZwokRPCrsISHXdmg,103,"Bowery (J,Z)",637.5,0,0
ChIJ35PIDbVZwokRPCrsISHXdmg,325,Canal St (1),561.3,0,0
ChIJ35PIDbVZwokRPCrsISHXdmg,168,"Spring St (C,E)",781.5,0,0
ChIJ35PIDbVZwokRPCrsISHXdmg,231,"Grand St (B,D)",656.7,0,0
ChIJ35PIDbVZwokRPCrsISHXdmg,622,"Brooklyn Bridge-City Hall (4,5,6)/Chambers St (J,Z)",711.8,0,0
ChIJ35PIDbVZwokRPCrsISHXdmg,326,Franklin St (1),463.6,0,0
ChIJ35PIDbVZwokRPCrsISHXdmg,327,"Chambers St (1,2,3)",796.2,0,0
ChIJ35PIDbVZwokRPCrsISHXdmg,17,"Prince St (R,W)",627.6,0,0
ChIJ35PIDbVZwokRPCrsISHXdmg,623,"Canal St (J,N,Q,R,W,Z,6)",111.4,1,1
ChIJ35PIDbVZwokRPCrsISHXdmg,169,"Canal St (A,C,E)",358.7,0,1
ChIJ35PIDbVZwokRPCrsISHXdmg,409,Spring St (6),479.9,0,0
ChIJ2RF8f_lYwokR3nUp-y-qLk8,10,"49 St (N,R,W)",544.8,0,0
ChIJ2RF8f_lYwokR3nUp-y-qLk8,316,50 St (1),508.0,0,0
ChIJ2RF8f_lYwokR3nUp-y-qLk8,162,"50 St (C,E)",699.3,0,0
ChIJ2RF8f_lYwokR3nUp-y-qLk8,277,"7 Av (E,B,D)",371.8,0,1
ChIJ2RF8f_lYwokR3nUp-y-qLk8,8,"5 Av/59 St (N,R,W)",560.5,0,0
ChIJ2RF8f_lYwokR3nUp-y-qLk8,9,"57 St-7 Av (N,Q,R,W)",459.2,0,0
ChIJ2RF8f_lYwokR3nUp-y-qLk8,225,"47-50 Sts-Rockefeller Ctr (B,D,F,M)",398.9,0,1
ChIJ2RF8f_lYwokR3nUp-y-qLk8,224,57 St (F),319.9,0,1
ChIJ2RF8f_lYwokR3nUp-y-qLk8,276,"5 Av/53 St (E,M)",246.3,1,1
ChIJPwPoU8dZwokRoyVVUj7Nns4,618,"14 St (A,C,E)/8 Av (L)",553.6,0,0
ChIJPwPoU8dZwokRoyVVUj7Nns4,165,"23 St (C,E)",776.8,0,0
ChIJOb4SHexYwokRYYbVbQIDVzo,613,"Lexington Av (N,R,W)/59 St (4,5,6)",535.3,0,0
ChIJOb4SHexYwokRYYbVbQIDVzo,477,72 St (Q),629.1,0,0
ChIJOb4SHexYwokRYYbVbQIDVzo,399,68 St-Hunter College (6),175.7,1,1
ChIJOb4SHexYwokRYYbVbQIDVzo,TRAM1,RI Tramway (Manhattan),674.0,0,0
ChIJOb4SHexYwokRYYbVbQIDVzo,8,"5 Av/59 St (N,R,W)",706.3,0,0
ChIJOb4SHexYwokRYYbVbQIDVzo,223,"Lexington Av/63 St (F,Q)",299.1,0,1
ChIJEQ6kk8dYwokRVW7W8Xj-lqw,477,72 St (Q),750.7,0,0
ChIJ36kJb_BYwokROPefLSa2Knk,613,"Lexington Av (N,R,W)/59 St (4,5,6)",541.9,0,0
ChIJ36kJb_BYwokROPefLSa2Knk,277,"7 Av (E,B,D)",743.7,0,0
ChIJ36kJb_BYwokROPefLSa2Knk,8,"5 Av/59 St (N,R,W)",21.6,1,1
ChIJ36kJb_BYwokROPefLSa2Knk,223,"Lexington Av/63 St (F,Q)",592.4,0,0
ChIJ36kJb_BYwokROPefLSa2Knk,9,"57 St-7 Av (N,Q,R,W)",633.0,0,0
ChIJ36kJb_BYwokROPefLSa2Knk,224,57 St (F),371.5,0,1
ChIJ36kJb_BYwokROPefLSa2Knk,276,"5 Av/53 St (E,M)",533.5,0,0
ChIJs--MqP1YwokRBwAhjXWIHn8,413,"Wall St (4,5)",763.3,0,0
ChIJs--MqP1YwokRBwAhjXWIHn8,622,"Brooklyn Bridge-City Hall (4,5,6)/Chambers St (J,Z)",218.3,1,1
ChIJs--MqP1YwokRBwAhjXWIHn8,326,Franklin St (1),730.0,0,0
ChIJs--MqP1YwokRBwAhjXWIHn8,624,"Chambers St (A,C)/WTC (E)/Park Pl (2,3)/Cortlandt (R,W)",261.6,0,1
ChIJs--MqP1YwokRBwAhjXWIHn8,327,"Chambers St (1,2,3)",406.7,0,0
ChIJs--MqP1YwokRBwAhjXWIHn8,333,"Wall St (2,3)",713.5,0,0
ChIJs--MqP1YwokRBwAhjXWIHn8,20,"City Hall (R,W)",99.4,1,1
ChIJs--MqP1YwokRBwAhjXWIHn8,628,"Fulton St (A,C,J,Z,2,3,4,5)",278.2,0,1
ChIJs--MqP1YwokRBwAhjXWIHn8,328,WTC Cortlandt (1),532.7,0,0
ChIJAQAAQFJYwokRbu7IENYYkDM,10,"49 St (N,R,W)",458.4,0,0
ChIJAQAAQFJYwokRbu7IENYYkDM,607,"34 St-Herald Sq (B,D,F,M,N,Q,R,W)",729.7,0,0
ChIJAQAAQFJYwokRbu7IENYYkDM,316,50 St (1),654.8,0,0
ChIJAQAAQFJYwokRbu7IENYYkDM,162,"50 St (C,E)",696.5,0,0
ChIJAQAAQFJYwokRbu7IENYYkDM,609,"Bryant Pk (B,D,F,M)/5 Av (7)",421.4,0,0
ChIJAQAAQFJYwokRbu7IENYYkDM,611,"Times Sq-42 St (N,Q,R,W,S,1,2,3,7)/42 St (A,C,E)",121.1,1,1
ChIJAQAAQFJYwokRbu7IENYYkDM,225,"47-50 Sts-Rockefeller Ctr (B,D,F,M)",518.1,0,0
ChIJAQAAQFJYwokRbu7IENYYkDM,164,"34 St-Penn Station (A,C,E)",721.8,0,0
ChIJAQAAQFJYwokRbu7IENYYkDM,318,"34 St-Penn Station (1,2,3)",751.3,0,0
ChIJseNBN2dYwokRWQY41I7ZzvE,313,"72 St (1,2,3)",651.5,0,0
ChIJseNBN2dYwokRWQY41I7ZzvE,314,66 St-Lincoln Center (1),748.7,0,0
ChIJbfoLm0D2wokRciT8D0epqOM,307,116 St-Columbia University (1),473.0,0,0
ChIJbfoLm0D2wokRciT8D0epqOM,306,125 St (1),569.3,0,0
ChIJQxcQwftYwokRKy-FqagoB7g,613,"Lexington Av (N,R,W)/59 St (4,5,6)",754.7,0,0
ChIJQxcQwftYwokRKy-FqagoB7g,10,"49 St (N,R,W)",700.2,0,0
ChIJQxcQwftYwokRKy-FqagoB7g,316,50 St (1),678.7,0,0
ChIJQxcQwftYwokRKy-FqagoB7g,277,"7 Av (E,B,D)",538.1,0,0
ChIJQxcQwftYwokRKy-FqagoB7g,612,"Lexington Av-53 St (E,M)/51 St (6)",671.9,0,0
ChIJQxcQwftYwokRKy-FqagoB7g,8,"5 Av/59 St (N,R,W)",501.8,0,0
ChIJQxcQwftYwokRKy-FqagoB7g,9,"57 St-7 Av (N,Q,R,W)",593.2,0,0
ChIJQxcQwftYwokRKy-FqagoB7g,225,"47-50 Sts-Rockefeller Ctr (B,D,F,M)",512.0,0,0
ChIJQxcQwftYwokRKy-FqagoB7g,224,57 St (F),383.2,0,1
ChIJQxcQwftYwokRKy-FqagoB7g,276,"5 Av/53 St (E,M)",84.5,1,1
